timestamp,curah_hujan_mm_per_jam,ketinggian_muka_air_meter,debit_air_m3_per_detik
2025-11-01 00:00:00,0.0,1.5,5.0
2025-11-01 00:10:00,0.0,1.5,5.15
2025-11-01 00:20:00,0.0,1.51,5.38
2025-11-01 00:30:00,0.0,1.51,5.06
2025-11-01 00:40:00,0.0,1.51,5.26
2025-11-01 00:50:00,0.0,1.52,5.39
2025-11-01 01:00:00,0.0,1.52,5.32
2025-11-01 01:10:00,0.0,1.53,5.41
2025-11-01 01:20:00,0.0,1.53,5.03
2025-11-01 01:30:00,0.0,1.54,5.29
2025-11-01 01:40:00,0.0,1.55,5.14
2025-11-01 01:50:00,0.0,1.55,5.21
2025-11-01 02:00:00,0.0,1.55,5.43
2025-11-01 02:10:00,0.0,1.55,5.03
2025-11-01 02:20:00,0.0,1.56,5.11
2025-11-01 02:30:00,0.0,1.56,5.32
2025-11-01 02:40:00,0.0,1.57,5.03
2025-11-01 02:50:00,0.0,1.57,5.45
2025-11-01 03:00:00,0.0,1.57,5.36
2025-11-01 03:10:00,0.0,1.57,5.27
2025-11-01 03:20:00,0.0,1.57,5.42
2025-11-01 03:30:00,0.0,1.58,5.25
2025-11-01 03:40:00,0.0,1.57,5.34
2025-11-01 03:50:00,0.0,1.57,5.43
2025-11-01 04:00:00,0.0,1.58,5.45
2025-11-01 04:10:00,0.0,1.58,5.42
2025-11-01 04:20:00,0.0,1.58,5.34
2025-11-01 04:30:00,0.0,1.58,5.25
2025-11-01 04:40:00,0.0,1.59,5.08
2025-11-01 04:50:00,0.0,1.59,5.21
2025-11-01 05:00:00,0.0,1.59,5.18
2025-11-01 05:10:00,0.0,1.6,5.23
2025-11-01 05:20:00,0.0,1.6,5.06
2025-11-01 05:30:00,0.0,1.59,5.39
2025-11-01 05:40:00,0.0,1.6,5.21
2025-11-01 05:50:00,0.0,1.6,5.18
2025-11-01 06:00:00,0.0,1.6,5.49
2025-11-01 06:10:00,0.0,1.6,5.15
2025-11-01 06:20:00,0.0,1.61,5.05
2025-11-01 06:30:00,0.0,1.61,5.19
2025-11-01 06:40:00,0.0,1.61,5.52
2025-11-01 06:50:00,0.0,1.62,5.11
2025-11-01 07:00:00,0.0,1.61,5.41
2025-11-01 07:10:00,0.0,1.61,5.33
2025-11-01 07:20:00,0.0,1.61,5.2
2025-11-01 07:30:00,0.0,1.62,5.2
2025-11-01 07:40:00,0.0,1.62,5.37
2025-11-01 07:50:00,0.0,1.61,5.38
2025-11-01 08:00:00,0.0,1.62,5.53
2025-11-01 08:10:00,0.0,1.61,5.11
2025-11-01 08:20:00,0.0,1.61,5.52
2025-11-01 08:30:00,0.0,1.61,5.39
2025-11-01 08:40:00,0.0,1.61,5.29
2025-11-01 08:50:00,0.0,1.61,5.08
2025-11-01 09:00:00,0.0,1.6,5.29
2025-11-01 09:10:00,0.0,1.61,5.18
2025-11-01 09:20:00,0.0,1.6,5.42
2025-11-01 09:30:00,0.0,1.6,5.28
2025-11-01 09:40:00,0.0,1.6,5.35
2025-11-01 09:50:00,0.0,1.6,5.24
2025-11-01 10:00:00,0.0,1.6,5.3
2025-11-01 10:10:00,0.0,1.61,5.15
2025-11-01 10:20:00,0.0,1.6,5.41
2025-11-01 10:30:00,0.0,1.6,5.35
2025-11-01 10:40:00,0.0,1.61,5.18
2025-11-01 10:50:00,0.0,1.61,5.26
2025-11-01 11:00:00,0.0,1.61,5.08
2025-11-01 11:10:00,0.0,1.61,5.23
2025-11-01 11:20:00,0.0,1.61,5.35
2025-11-01 11:30:00,0.0,1.61,5.5
2025-11-01 11:40:00,0.0,1.61,5.46
2025-11-01 11:50:00,0.0,1.61,5.06
2025-11-01 12:00:00,0.0,1.61,5.28
2025-11-01 12:10:00,0.0,1.61,5.4
2025-11-01 12:20:00,0.0,1.61,5.45
2025-11-01 12:30:00,0.0,1.61,5.42
2025-11-01 12:40:00,0.0,1.61,5.08
2025-11-01 12:50:00,0.0,1.62,5.4
2025-11-01 13:00:00,0.0,1.62,5.14
2025-11-01 13:10:00,0.0,1.62,5.06
2025-11-01 13:20:00,0.0,1.62,5.1
2025-11-01 13:30:00,0.0,1.62,5.32
2025-11-01 13:40:00,0.0,1.62,5.43
2025-11-01 13:50:00,0.0,1.61,5.24
2025-11-01 14:00:00,0.0,1.61,5.47
2025-11-01 14:10:00,0.0,1.62,5.25
2025-11-01 14:20:00,0.0,1.62,5.16
2025-11-01 14:30:00,0.0,1.62,5.26
2025-11-01 14:40:00,0.0,1.62,5.45
2025-11-01 14:50:00,0.0,1.62,5.2
2025-11-01 15:00:00,0.0,1.61,5.41
2025-11-01 15:10:00,0.0,1.62,5.1
2025-11-01 15:20:00,0.0,1.61,5.04
2025-11-01 15:30:00,0.0,1.61,5.29
2025-11-01 15:40:00,0.0,1.62,5.32
2025-11-01 15:50:00,0.0,1.62,5.3
2025-11-01 16:00:00,0.0,1.61,5.47
2025-11-01 16:10:00,0.0,1.61,5.45
2025-11-01 16:20:00,0.0,1.61,5.52
2025-11-01 16:30:00,0.0,1.62,5.31
2025-11-01 16:40:00,0.0,1.62,5.14
2025-11-01 16:50:00,0.0,1.61,5.2
2025-11-01 17:00:00,0.0,1.61,5.44
2025-11-01 17:10:00,0.0,1.61,5.23
2025-11-01 17:20:00,0.0,1.6,5.06
2025-11-01 17:30:00,0.0,1.6,5.1
2025-11-01 17:40:00,0.0,1.6,5.23
2025-11-01 17:50:00,0.0,1.6,5.4
2025-11-01 18:00:00,0.0,1.6,5.39
2025-11-01 18:10:00,0.0,1.6,5.16
2025-11-01 18:20:00,0.0,1.6,5.03
2025-11-01 18:30:00,0.0,1.6,5.48
2025-11-01 18:40:00,0.0,1.6,5.47
2025-11-01 18:50:00,0.0,1.6,5.5
2025-11-01 19:00:00,0.0,1.6,5.31
2025-11-01 19:10:00,0.0,1.6,5.51
2025-11-01 19:20:00,0.0,1.59,5.35
2025-11-01 19:30:00,0.0,1.59,5.33
2025-11-01 19:40:00,0.0,1.59,5.37
2025-11-01 19:50:00,0.0,1.59,5.04
2025-11-01 20:00:00,0.0,1.59,5.51
2025-11-01 20:10:00,0.0,1.59,5.37
2025-11-01 20:20:00,0.0,1.6,5.35
2025-11-01 20:30:00,0.0,1.59,5.28
2025-11-01 20:40:00,0.0,1.6,5.27
2025-11-01 20:50:00,0.0,1.59,5.25
2025-11-01 21:00:00,0.0,1.6,5.29
2025-11-01 21:10:00,0.0,1.6,5.14
2025-11-01 21:20:00,0.0,1.6,5.48
2025-11-01 21:30:00,0.0,1.6,5.43
2025-11-01 21:40:00,0.0,1.6,5.35
2025-11-01 21:50:00,0.0,1.59,5.39
2025-11-01 22:00:00,0.0,1.59,5.11
2025-11-01 22:10:00,0.0,1.59,5.39
2025-11-01 22:20:00,0.0,1.59,5.17
2025-11-01 22:30:00,0.0,1.58,5.3
2025-11-01 22:40:00,0.0,1.58,5.25
2025-11-01 22:50:00,0.0,1.58,5.38
2025-11-01 23:00:00,0.0,1.58,5.15
2025-11-01 23:10:00,0.0,1.58,5.02
2025-11-01 23:20:00,0.0,1.58,5.27
2025-11-01 23:30:00,0.0,1.57,5.2
2025-11-01 23:40:00,0.0,1.57,5.4
2025-11-01 23:50:00,0.0,1.57,5.06
2025-11-02 00:00:00,0.0,1.58,5.5
2025-11-02 00:10:00,0.0,1.58,5.49
2025-11-02 00:20:00,0.0,1.58,5.41
2025-11-02 00:30:00,0.0,1.58,5.15
2025-11-02 00:40:00,0.0,1.58,5.37
2025-11-02 00:50:00,0.0,1.58,5.47
2025-11-02 01:00:00,0.0,1.58,5.42
2025-11-02 01:10:00,0.0,1.58,5.08
2025-11-02 01:20:00,0.0,1.58,5.23
2025-11-02 01:30:00,0.0,1.58,5.24
2025-11-02 01:40:00,0.0,1.58,5.02
2025-11-02 01:50:00,0.0,1.58,5.5
2025-11-02 02:00:00,0.0,1.58,5.38
2025-11-02 02:10:00,0.0,1.58,5.05
2025-11-02 02:20:00,0.0,1.59,5.42
2025-11-02 02:30:00,0.0,1.59,5.45
2025-11-02 02:40:00,0.0,1.59,5.17
2025-11-02 02:50:00,0.0,1.58,5.22
2025-11-02 03:00:00,0.0,1.58,5.16
2025-11-02 03:10:00,0.0,1.58,5.15
2025-11-02 03:20:00,0.0,1.58,5.43
2025-11-02 03:30:00,0.0,1.59,5.37
2025-11-02 03:40:00,0.0,1.59,5.33
2025-11-02 03:50:00,0.0,1.59,5.1
2025-11-02 04:00:00,0.0,1.59,5.5
2025-11-02 04:10:00,0.0,1.59,5.08
2025-11-02 04:20:00,0.0,1.59,5.23
2025-11-02 04:30:00,0.0,1.59,5.12
2025-11-02 04:40:00,0.0,1.59,5.31
2025-11-02 04:50:00,0.0,1.59,5.4
2025-11-02 05:00:00,0.0,1.59,5.11
2025-11-02 05:10:00,0.0,1.59,5.04
2025-11-02 05:20:00,0.0,1.59,5.32
2025-11-02 05:30:00,0.0,1.6,5.09
2025-11-02 05:40:00,0.0,1.59,5.32
2025-11-02 05:50:00,0.0,1.59,5.32
2025-11-02 06:00:00,0.0,1.59,5.4
2025-11-02 06:10:00,0.0,1.59,5.41
2025-11-02 06:20:00,0.0,1.58,5.36
2025-11-02 06:30:00,0.0,1.59,5.32
2025-11-02 06:40:00,0.0,1.59,5.45
2025-11-02 06:50:00,0.0,1.59,5.1
2025-11-02 07:00:00,0.0,1.59,5.08
2025-11-02 07:10:00,0.0,1.59,5.5
2025-11-02 07:20:00,0.0,1.59,5.23
2025-11-02 07:30:00,0.0,1.58,5.18
2025-11-02 07:40:00,0.0,1.58,5.4
2025-11-02 07:50:00,0.0,1.58,5.48
2025-11-02 08:00:00,0.0,1.59,5.15
2025-11-02 08:10:00,0.0,1.59,5.06
2025-11-02 08:20:00,0.0,1.6,5.05
2025-11-02 08:30:00,0.0,1.6,5.06
2025-11-02 08:40:00,0.0,1.6,5.25
2025-11-02 08:50:00,0.0,1.6,5.15
2025-11-02 09:00:00,0.0,1.6,5.46
2025-11-02 09:10:00,0.0,1.6,5.43
2025-11-02 09:20:00,0.0,1.6,5.25
2025-11-02 09:30:00,0.0,1.6,5.49
2025-11-02 09:40:00,0.0,1.6,5.04
2025-11-02 09:50:00,0.0,1.6,5.36
2025-11-02 10:00:00,0.0,1.6,5.35
2025-11-02 10:10:00,0.0,1.6,5.12
2025-11-02 10:20:00,0.0,1.6,5.49
2025-11-02 10:30:00,0.0,1.6,5.4
2025-11-02 10:40:00,0.0,1.6,5.16
2025-11-02 10:50:00,0.0,1.6,5.29
2025-11-02 11:00:00,0.0,1.6,5.24
2025-11-02 11:10:00,0.0,1.6,5.51
2025-11-02 11:20:00,0.0,1.6,5.18
2025-11-02 11:30:00,0.0,1.6,5.16
2025-11-02 11:40:00,0.0,1.6,5.2
2025-11-02 11:50:00,0.0,1.6,5.37
2025-11-02 12:00:00,0.0,1.6,5.22
2025-11-02 12:10:00,0.0,1.61,5.48
2025-11-02 12:20:00,0.0,1.61,5.33
2025-11-02 12:30:00,0.0,1.61,5.52
2025-11-02 12:40:00,0.0,1.61,5.23
2025-11-02 12:50:00,0.0,1.61,5.38
2025-11-02 13:00:00,0.0,1.61,5.08
2025-11-02 13:10:00,0.0,1.6,5.21
2025-11-02 13:20:00,0.0,1.61,5.28
2025-11-02 13:30:00,0.0,1.61,5.1
2025-11-02 13:40:00,0.0,1.6,5.5
2025-11-02 13:50:00,0.0,1.61,5.08
2025-11-02 14:00:00,0.0,1.6,5.34
2025-11-02 14:10:00,0.0,1.6,5.08
2025-11-02 14:20:00,0.0,1.6,5.27
2025-11-02 14:30:00,0.0,1.6,5.33
2025-11-02 14:40:00,0.0,1.59,5.4
2025-11-02 14:50:00,0.0,1.59,5.37
2025-11-02 15:00:00,0.0,1.59,5.16
2025-11-02 15:10:00,0.0,1.59,5.09
2025-11-02 15:20:00,0.0,1.58,5.07
2025-11-02 15:30:00,0.0,1.58,5.23
2025-11-02 15:40:00,0.0,1.59,5.49
2025-11-02 15:50:00,0.0,1.59,5.45
2025-11-02 16:00:00,0.0,1.59,5.14
2025-11-02 16:10:00,0.0,1.59,5.33
2025-11-02 16:20:00,0.0,1.59,5.1
2025-11-02 16:30:00,0.0,1.59,5.24
2025-11-02 16:40:00,0.0,1.6,5.38
2025-11-02 16:50:00,0.0,1.59,5.22
2025-11-02 17:00:00,0.0,1.59,5.11
2025-11-02 17:10:00,0.0,1.59,5.28
2025-11-02 17:20:00,0.0,1.59,5.42
2025-11-02 17:30:00,0.0,1.59,5.22
2025-11-02 17:40:00,0.0,1.59,5.34
2025-11-02 17:50:00,0.0,1.59,5.29
2025-11-02 18:00:00,0.0,1.59,5.3
2025-11-02 18:10:00,0.0,1.59,5.17
2025-11-02 18:20:00,0.0,1.59,5.46
2025-11-02 18:30:00,0.0,1.59,5.32
2025-11-02 18:40:00,0.0,1.59,5.14
2025-11-02 18:50:00,0.0,1.59,5.2
2025-11-02 19:00:00,0.0,1.59,5.45
2025-11-02 19:10:00,0.0,1.59,5.11
2025-11-02 19:20:00,0.0,1.59,5.52
2025-11-02 19:30:00,0.0,1.59,5.27
2025-11-02 19:40:00,0.0,1.59,5.08
2025-11-02 19:50:00,0.0,1.59,5.07
2025-11-02 20:00:00,0.0,1.59,5.52
2025-11-02 20:10:00,0.0,1.59,5.19
2025-11-02 20:20:00,0.0,1.6,5.42
2025-11-02 20:30:00,0.0,1.6,5.05
2025-11-02 20:40:00,0.0,1.6,5.45
2025-11-02 20:50:00,0.0,1.6,5.52
2025-11-02 21:00:00,0.0,1.6,5.12
2025-11-02 21:10:00,0.0,1.6,5.1
2025-11-02 21:20:00,0.0,1.6,5.04
2025-11-02 21:30:00,0.0,1.6,5.3
2025-11-02 21:40:00,0.0,1.59,5.42
2025-11-02 21:50:00,0.0,1.6,5.19
2025-11-02 22:00:00,0.0,1.6,5.15
2025-11-02 22:10:00,0.0,1.6,5.3
2025-11-02 22:20:00,0.0,1.6,5.27
2025-11-02 22:30:00,0.0,1.6,5.27
2025-11-02 22:40:00,0.0,1.6,5.1
2025-11-02 22:50:00,0.0,1.6,5.07
2025-11-02 23:00:00,0.0,1.6,5.34
2025-11-02 23:10:00,0.0,1.6,5.04
2025-11-02 23:20:00,0.0,1.6,5.05
2025-11-02 23:30:00,0.0,1.59,5.23
2025-11-02 23:40:00,0.0,1.6,5.04
2025-11-02 23:50:00,0.0,1.6,5.36
2025-11-03 00:00:00,0.0,1.6,5.15
2025-11-03 00:10:00,0.0,1.6,5.44
2025-11-03 00:20:00,0.0,1.6,5.45
2025-11-03 00:30:00,0.0,1.6,5.41
2025-11-03 00:40:00,0.0,1.6,5.06
2025-11-03 00:50:00,0.0,1.6,5.11
2025-11-03 01:00:00,0.0,1.6,5.39
2025-11-03 01:10:00,0.0,1.6,5.18
2025-11-03 01:20:00,0.0,1.6,5.48
2025-11-03 01:30:00,0.0,1.6,5.19
2025-11-03 01:40:00,0.0,1.6,5.11
2025-11-03 01:50:00,0.0,1.6,5.37
2025-11-03 02:00:00,0.0,1.59,5.38
2025-11-03 02:10:00,0.0,1.59,5.46
2025-11-03 02:20:00,0.0,1.59,5.45
2025-11-03 02:30:00,0.0,1.59,5.32
2025-11-03 02:40:00,0.0,1.6,5.39
2025-11-03 02:50:00,0.0,1.6,5.2
2025-11-03 03:00:00,0.0,1.6,5.16
2025-11-03 03:10:00,0.0,1.6,5.52
2025-11-03 03:20:00,0.0,1.6,5.34
2025-11-03 03:30:00,0.0,1.6,5.21
2025-11-03 03:40:00,0.0,1.6,5.03
2025-11-03 03:50:00,0.0,1.6,5.02
2025-11-03 04:00:00,0.0,1.6,5.03
2025-11-03 04:10:00,0.0,1.61,5.09
2025-11-03 04:20:00,0.0,1.61,5.51
2025-11-03 04:30:00,0.0,1.61,5.38
2025-11-03 04:40:00,0.0,1.62,5.25
2025-11-03 04:50:00,0.0,1.62,5.42
2025-11-03 05:00:00,0.0,1.62,5.38
2025-11-03 05:10:00,0.0,1.62,5.11
2025-11-03 05:20:00,0.0,1.61,5.25
2025-11-03 05:30:00,0.0,1.62,5.05
2025-11-03 05:40:00,0.0,1.62,5.25
2025-11-03 05:50:00,0.0,1.61,5.16
2025-11-03 06:00:00,0.0,1.61,5.32
2025-11-03 06:10:00,0.0,1.62,5.08
2025-11-03 06:20:00,0.0,1.62,5.39
2025-11-03 06:30:00,0.0,1.62,5.14
2025-11-03 06:40:00,0.0,1.61,5.07
2025-11-03 06:50:00,0.0,1.62,5.19
2025-11-03 07:00:00,0.0,1.61,5.46
2025-11-03 07:10:00,0.0,1.62,5.31
2025-11-03 07:20:00,0.0,1.62,5.41
2025-11-03 07:30:00,0.0,1.62,5.13
2025-11-03 07:40:00,0.0,1.62,5.52
2025-11-03 07:50:00,0.0,1.62,5.45
2025-11-03 08:00:00,0.0,1.62,5.4
2025-11-03 08:10:00,0.0,1.61,5.21
2025-11-03 08:20:00,0.0,1.62,5.34
2025-11-03 08:30:00,0.0,1.62,5.32
2025-11-03 08:40:00,0.0,1.62,5.09
2025-11-03 08:50:00,0.0,1.62,5.22
2025-11-03 09:00:00,0.0,1.62,5.42
2025-11-03 09:10:00,0.0,1.62,5.21
2025-11-03 09:20:00,0.0,1.62,5.39
2025-11-03 09:30:00,0.0,1.62,5.52
2025-11-03 09:40:00,0.0,1.61,5.21
2025-11-03 09:50:00,0.0,1.61,5.52
2025-11-03 10:00:00,0.0,1.6,5.16
2025-11-03 10:10:00,0.0,1.6,5.12
2025-11-03 10:20:00,0.0,1.6,5.22
2025-11-03 10:30:00,0.0,1.6,5.22
2025-11-03 10:40:00,0.0,1.6,5.13
2025-11-03 10:50:00,0.0,1.6,5.04
2025-11-03 11:00:00,0.0,1.61,5.17
2025-11-03 11:10:00,0.0,1.6,5.26
2025-11-03 11:20:00,0.0,1.61,5.03
2025-11-03 11:30:00,0.0,1.61,5.48
2025-11-03 11:40:00,0.0,1.6,5.34
2025-11-03 11:50:00,0.0,1.6,5.06
2025-11-03 12:00:00,0.0,1.6,5.07
2025-11-03 12:10:00,0.0,1.61,5.46
2025-11-03 12:20:00,0.0,1.6,5.13
2025-11-03 12:30:00,0.0,1.6,5.43
2025-11-03 12:40:00,0.0,1.6,5.26
2025-11-03 12:50:00,0.0,1.61,5.33
2025-11-03 13:00:00,0.0,1.61,5.51
2025-11-03 13:10:00,0.0,1.6,5.34
2025-11-03 13:20:00,0.0,1.6,5.5
2025-11-03 13:30:00,0.0,1.6,5.5
2025-11-03 13:40:00,0.0,1.6,5.3
2025-11-03 13:50:00,0.0,1.6,5.1
2025-11-03 14:00:00,0.0,1.6,5.11
2025-11-03 14:10:00,0.0,1.6,5.25
2025-11-03 14:20:00,0.0,1.6,5.24
2025-11-03 14:30:00,0.0,1.59,5.45
2025-11-03 14:40:00,0.0,1.6,5.44
2025-11-03 14:50:00,0.0,1.6,5.17
2025-11-03 15:00:00,0.0,1.6,5.33
2025-11-03 15:10:00,0.0,1.6,5.24
2025-11-03 15:20:00,0.0,1.6,5.4
2025-11-03 15:30:00,0.0,1.6,5.29
2025-11-03 15:40:00,0.0,1.6,5.03
2025-11-03 15:50:00,0.0,1.6,5.48
2025-11-03 16:00:00,0.0,1.59,5.23
2025-11-03 16:10:00,0.0,1.6,5.16
2025-11-03 16:20:00,0.0,1.59,5.07
2025-11-03 16:30:00,0.0,1.6,5.45
2025-11-03 16:40:00,0.0,1.6,5.09
2025-11-03 16:50:00,0.0,1.6,5.26
2025-11-03 17:00:00,0.0,1.61,5.37
2025-11-03 17:10:00,0.0,1.6,5.51
2025-11-03 17:20:00,0.0,1.61,5.24
2025-11-03 17:30:00,0.0,1.61,5.19
2025-11-03 17:40:00,0.0,1.61,5.4
2025-11-03 17:50:00,0.0,1.61,5.39
2025-11-03 18:00:00,0.0,1.61,5.35
2025-11-03 18:10:00,0.0,1.61,5.39
2025-11-03 18:20:00,0.0,1.62,5.39
2025-11-03 18:30:00,0.0,1.62,5.48
2025-11-03 18:40:00,0.0,1.62,5.12
2025-11-03 18:50:00,0.0,1.62,5.28
2025-11-03 19:00:00,0.0,1.62,5.22
2025-11-03 19:10:00,0.0,1.62,5.34
2025-11-03 19:20:00,0.0,1.62,5.08
2025-11-03 19:30:00,0.0,1.62,5.52
2025-11-03 19:40:00,0.0,1.62,5.26
2025-11-03 19:50:00,0.0,1.62,5.33
2025-11-03 20:00:00,0.0,1.62,5.15
2025-11-03 20:10:00,0.0,1.62,5.38
2025-11-03 20:20:00,0.0,1.61,5.15
2025-11-03 20:30:00,0.0,1.61,5.31
2025-11-03 20:40:00,0.0,1.61,5.35
2025-11-03 20:50:00,0.0,1.61,5.15
2025-11-03 21:00:00,0.0,1.61,5.1
2025-11-03 21:10:00,0.0,1.62,5.11
2025-11-03 21:20:00,0.0,1.62,5.08
2025-11-03 21:30:00,0.0,1.62,5.43
2025-11-03 21:40:00,0.0,1.62,5.14
2025-11-03 21:50:00,0.0,1.62,5.41
2025-11-03 22:00:00,0.0,1.62,5.46
2025-11-03 22:10:00,0.0,1.61,5.29
2025-11-03 22:20:00,0.0,1.61,5.12
2025-11-03 22:30:00,0.0,1.61,5.39
2025-11-03 22:40:00,0.0,1.61,5.29
2025-11-03 22:50:00,0.0,1.61,5.11
2025-11-03 23:00:00,0.0,1.61,5.45
2025-11-03 23:10:00,0.0,1.61,5.17
2025-11-03 23:20:00,0.0,1.61,5.18
2025-11-03 23:30:00,0.0,1.61,5.32
2025-11-03 23:40:00,0.0,1.61,5.25
2025-11-03 23:50:00,0.0,1.6,5.23
2025-11-04 00:00:00,0.0,1.6,5.52
2025-11-04 00:10:00,0.0,1.61,5.38
2025-11-04 00:20:00,0.0,1.6,5.42
2025-11-04 00:30:00,0.0,1.6,5.12
2025-11-04 00:40:00,0.0,1.61,5.12
2025-11-04 00:50:00,0.0,1.6,5.21
2025-11-04 01:00:00,0.0,1.6,5.09
2025-11-04 01:10:00,0.0,1.6,5.42
2025-11-04 01:20:00,0.0,1.6,5.12
2025-11-04 01:30:00,0.0,1.6,5.29
2025-11-04 01:40:00,0.0,1.6,5.11
2025-11-04 01:50:00,0.0,1.61,5.28
2025-11-04 02:00:00,0.0,1.61,5.19
2025-11-04 02:10:00,0.0,1.61,5.28
2025-11-04 02:20:00,0.0,1.61,5.11
2025-11-04 02:30:00,0.0,1.61,5.06
2025-11-04 02:40:00,0.0,1.61,5.04
2025-11-04 02:50:00,0.0,1.61,5.33
2025-11-04 03:00:00,0.0,1.61,5.33
2025-11-04 03:10:00,0.0,1.61,5.36
2025-11-04 03:20:00,0.0,1.61,5.22
2025-11-04 03:30:00,0.0,1.61,5.42
2025-11-04 03:40:00,0.0,1.6,5.09
2025-11-04 03:50:00,0.0,1.61,5.5
2025-11-04 04:00:00,0.0,1.61,5.49
2025-11-04 04:10:00,0.0,1.61,5.5
2025-11-04 04:20:00,0.0,1.61,5.24
2025-11-04 04:30:00,0.0,1.61,5.27
2025-11-04 04:40:00,0.0,1.61,5.33
2025-11-04 04:50:00,0.0,1.61,5.07
2025-11-04 05:00:00,0.0,1.6,5.47
2025-11-04 05:10:00,0.0,1.6,5.37
2025-11-04 05:20:00,0.0,1.6,5.06
2025-11-04 05:30:00,0.0,1.6,5.49
2025-11-04 05:40:00,0.0,1.6,5.32
2025-11-04 05:50:00,0.0,1.61,5.18
2025-11-04 06:00:00,0.0,1.61,5.47
2025-11-04 06:10:00,0.0,1.61,5.13
2025-11-04 06:20:00,0.0,1.61,5.52
2025-11-04 06:30:00,0.0,1.61,5.34
2025-11-04 06:40:00,0.0,1.61,5.16
2025-11-04 06:50:00,0.0,1.61,5.12
2025-11-04 07:00:00,0.0,1.6,5.04
2025-11-04 07:10:00,0.0,1.61,5.23
2025-11-04 07:20:00,0.0,1.6,5.08
2025-11-04 07:30:00,0.0,1.6,5.48
2025-11-04 07:40:00,0.0,1.6,5.41
2025-11-04 07:50:00,0.0,1.6,5.07
2025-11-04 08:00:00,0.0,1.61,5.52
2025-11-04 08:10:00,0.0,1.6,5.26
2025-11-04 08:20:00,0.0,1.61,5.12
2025-11-04 08:30:00,0.0,1.61,5.26
2025-11-04 08:40:00,0.0,1.6,5.28
2025-11-04 08:50:00,0.0,1.6,5.28
2025-11-04 09:00:00,0.0,1.6,5.51
2025-11-04 09:10:00,0.0,1.6,5.24
2025-11-04 09:20:00,0.0,1.6,5.29
2025-11-04 09:30:00,0.0,1.61,5.25
2025-11-04 09:40:00,0.0,1.6,5.1
2025-11-04 09:50:00,0.0,1.6,5.38
2025-11-04 10:00:00,0.0,1.61,5.06
2025-11-04 10:10:00,0.0,1.6,5.25
2025-11-04 10:20:00,0.0,1.6,5.24
2025-11-04 10:30:00,0.0,1.6,5.13
2025-11-04 10:40:00,0.0,1.6,5.19
2025-11-04 10:50:00,0.0,1.6,5.42
2025-11-04 11:00:00,0.0,1.6,5.43
2025-11-04 11:10:00,0.0,1.6,5.27
2025-11-04 11:20:00,0.0,1.6,5.14
2025-11-04 11:30:00,0.0,1.6,5.34
2025-11-04 11:40:00,0.0,1.61,5.27
2025-11-04 11:50:00,0.0,1.61,5.4
2025-11-04 12:00:00,0.0,1.62,5.51
2025-11-04 12:10:00,0.0,1.62,5.19
2025-11-04 12:20:00,0.0,1.62,5.47
2025-11-04 12:30:00,0.0,1.62,5.27
2025-11-04 12:40:00,0.0,1.61,5.11
2025-11-04 12:50:00,0.0,1.62,5.48
2025-11-04 13:00:00,0.0,1.62,5.27
2025-11-04 13:10:00,0.0,1.62,5.38
2025-11-04 13:20:00,0.0,1.62,5.49
2025-11-04 13:30:00,0.0,1.62,5.47
2025-11-04 13:40:00,0.0,1.62,5.24
2025-11-04 13:50:00,0.0,1.62,5.21
2025-11-04 14:00:00,0.0,1.61,5.38
2025-11-04 14:10:00,0.0,1.61,5.34
2025-11-04 14:20:00,0.0,1.61,5.1
2025-11-04 14:30:00,0.0,1.61,5.44
2025-11-04 14:40:00,0.0,1.61,5.44
2025-11-04 14:50:00,0.0,1.61,5.32
2025-11-04 15:00:00,0.0,1.61,5.04
2025-11-04 15:10:00,0.0,1.62,5.31
2025-11-04 15:20:00,0.0,1.62,5.33
2025-11-04 15:30:00,0.0,1.62,5.1
2025-11-04 15:40:00,0.0,1.62,5.3
2025-11-04 15:50:00,0.0,1.61,5.48
2025-11-04 16:00:00,0.0,1.61,5.13
2025-11-04 16:10:00,0.0,1.61,5.16
2025-11-04 16:20:00,0.0,1.61,5.31
2025-11-04 16:30:00,0.0,1.61,5.16
2025-11-04 16:40:00,0.0,1.6,5.45
2025-11-04 16:50:00,0.0,1.6,5.4
2025-11-04 17:00:00,0.0,1.6,5.41
2025-11-04 17:10:00,0.0,1.6,5.12
2025-11-04 17:20:00,0.0,1.6,5.38
2025-11-04 17:30:00,0.0,1.61,5.11
2025-11-04 17:40:00,0.0,1.61,5.29
2025-11-04 17:50:00,0.0,1.61,5.17
2025-11-04 18:00:00,0.0,1.61,5.28
2025-11-04 18:10:00,0.0,1.61,5.48
2025-11-04 18:20:00,0.0,1.61,5.03
2025-11-04 18:30:00,0.0,1.6,5.36
2025-11-04 18:40:00,0.0,1.6,5.18
2025-11-04 18:50:00,0.0,1.61,5.43
2025-11-04 19:00:00,0.0,1.61,5.07
2025-11-04 19:10:00,0.0,1.61,5.39
2025-11-04 19:20:00,0.0,1.6,5.2
2025-11-04 19:30:00,0.0,1.61,5.17
2025-11-04 19:40:00,0.0,1.6,5.37
2025-11-04 19:50:00,0.0,1.6,5.08
2025-11-04 20:00:00,0.0,1.61,5.3
2025-11-04 20:10:00,0.0,1.6,5.05
2025-11-04 20:20:00,0.0,1.61,5.22
2025-11-04 20:30:00,0.0,1.61,5.49
2025-11-04 20:40:00,0.0,1.61,5.11
2025-11-04 20:50:00,0.0,1.61,5.49
2025-11-04 21:00:00,0.0,1.61,5.12
2025-11-04 21:10:00,0.0,1.61,5.32
2025-11-04 21:20:00,0.0,1.61,5.04
2025-11-04 21:30:00,0.0,1.61,5.19
2025-11-04 21:40:00,0.0,1.6,5.2
2025-11-04 21:50:00,0.0,1.6,5.31
2025-11-04 22:00:00,0.0,1.6,5.45
2025-11-04 22:10:00,0.0,1.6,5.48
2025-11-04 22:20:00,0.0,1.59,5.45
2025-11-04 22:30:00,0.0,1.59,5.3
2025-11-04 22:40:00,0.0,1.59,5.38
2025-11-04 22:50:00,0.0,1.59,5.18
2025-11-04 23:00:00,0.0,1.59,5.11
2025-11-04 23:10:00,0.0,1.58,5.41
2025-11-04 23:20:00,0.0,1.58,5.12
2025-11-04 23:30:00,0.0,1.58,5.27
2025-11-04 23:40:00,0.0,1.59,5.3
2025-11-04 23:50:00,0.0,1.58,5.28
2025-11-05 00:00:00,0.0,1.58,5.11
2025-11-05 00:10:00,0.0,1.58,5.26
2025-11-05 00:20:00,0.0,1.58,5.03
2025-11-05 00:30:00,0.0,1.58,5.42
2025-11-05 00:40:00,0.0,1.58,5.3
2025-11-05 00:50:00,0.0,1.58,5.35
2025-11-05 01:00:00,0.0,1.58,5.39
2025-11-05 01:10:00,0.0,1.58,5.18
2025-11-05 01:20:00,0.0,1.58,5.06
2025-11-05 01:30:00,0.0,1.59,5.17
2025-11-05 01:40:00,0.0,1.59,5.38
2025-11-05 01:50:00,0.0,1.59,5.16
2025-11-05 02:00:00,0.0,1.59,5.43
2025-11-05 02:10:00,0.0,1.6,5.29
2025-11-05 02:20:00,0.0,1.6,5.25
2025-11-05 02:30:00,0.0,1.6,5.45
2025-11-05 02:40:00,0.0,1.6,5.47
2025-11-05 02:50:00,0.0,1.6,5.21
2025-11-05 03:00:00,0.0,1.6,5.15
2025-11-05 03:10:00,0.0,1.6,5.1
2025-11-05 03:20:00,0.0,1.6,5.24
2025-11-05 03:30:00,0.0,1.6,5.51
2025-11-05 03:40:00,0.0,1.6,5.23
2025-11-05 03:50:00,0.0,1.6,5.04
2025-11-05 04:00:00,0.0,1.6,5.05
2025-11-05 04:10:00,0.0,1.61,5.09
2025-11-05 04:20:00,0.0,1.6,5.15
2025-11-05 04:30:00,0.0,1.61,5.46
2025-11-05 04:40:00,0.0,1.61,5.03
2025-11-05 04:50:00,0.0,1.61,5.29
2025-11-05 05:00:00,0.0,1.61,5.26
2025-11-05 05:10:00,0.0,1.61,5.08
2025-11-05 05:20:00,0.0,1.61,5.08
2025-11-05 05:30:00,0.0,1.61,5.34
2025-11-05 05:40:00,0.0,1.6,5.16
2025-11-05 05:50:00,0.0,1.6,5.05
2025-11-05 06:00:00,0.0,1.59,5.51
2025-11-05 06:10:00,0.0,1.59,5.5
2025-11-05 06:20:00,0.0,1.59,5.51
2025-11-05 06:30:00,0.0,1.59,5.36
2025-11-05 06:40:00,0.0,1.59,5.51
2025-11-05 06:50:00,0.0,1.59,5.45
2025-11-05 07:00:00,0.0,1.59,5.04
2025-11-05 07:10:00,0.0,1.59,5.5
2025-11-05 07:20:00,0.0,1.59,5.15
2025-11-05 07:30:00,0.0,1.59,5.38
2025-11-05 07:40:00,0.0,1.59,5.36
2025-11-05 07:50:00,0.0,1.6,5.1
2025-11-05 08:00:00,0.0,1.6,5.35
2025-11-05 08:10:00,0.0,1.6,5.42
2025-11-05 08:20:00,0.0,1.61,5.52
2025-11-05 08:30:00,0.0,1.6,5.49
2025-11-05 08:40:00,0.0,1.6,5.24
2025-11-05 08:50:00,0.0,1.6,5.18
2025-11-05 09:00:00,0.0,1.6,5.32
2025-11-05 09:10:00,0.0,1.6,5.23
2025-11-05 09:20:00,0.0,1.6,5.39
2025-11-05 09:30:00,0.0,1.6,5.21
2025-11-05 09:40:00,0.0,1.6,5.43
2025-11-05 09:50:00,0.0,1.6,5.29
2025-11-05 10:00:00,0.0,1.6,5.06
2025-11-05 10:10:00,0.0,1.59,5.05
2025-11-05 10:20:00,0.0,1.59,5.25
2025-11-05 10:30:00,0.0,1.6,5.16
2025-11-05 10:40:00,0.0,1.6,5.24
2025-11-05 10:50:00,0.0,1.6,5.5
2025-11-05 11:00:00,0.0,1.6,5.32
2025-11-05 11:10:00,0.0,1.6,5.48
2025-11-05 11:20:00,0.0,1.6,5.1
2025-11-05 11:30:00,0.0,1.6,5.36
2025-11-05 11:40:00,0.0,1.6,5.05
2025-11-05 11:50:00,0.0,1.6,5.25
2025-11-05 12:00:00,0.0,1.6,5.22
2025-11-05 12:10:00,0.0,1.6,5.27
2025-11-05 12:20:00,0.0,1.61,5.14
2025-11-05 12:30:00,0.0,1.6,5.43
2025-11-05 12:40:00,0.0,1.6,5.3
2025-11-05 12:50:00,0.0,1.6,5.52
2025-11-05 13:00:00,0.0,1.6,5.41
2025-11-05 13:10:00,0.0,1.6,5.51
2025-11-05 13:20:00,0.0,1.61,5.17
2025-11-05 13:30:00,0.0,1.61,5.45
2025-11-05 13:40:00,0.0,1.61,5.47
2025-11-05 13:50:00,0.0,1.61,5.3
2025-11-05 14:00:00,0.0,1.61,5.31
2025-11-05 14:10:00,0.0,1.6,5.13
2025-11-05 14:20:00,0.0,1.61,5.06
2025-11-05 14:30:00,0.0,1.6,5.17
2025-11-05 14:40:00,0.0,1.61,5.23
2025-11-05 14:50:00,0.0,1.61,5.34
2025-11-05 15:00:00,0.0,1.61,5.15
2025-11-05 15:10:00,0.0,1.62,5.14
2025-11-05 15:20:00,0.0,1.61,5.11
2025-11-05 15:30:00,0.0,1.61,5.22
2025-11-05 15:40:00,0.0,1.61,5.48
2025-11-05 15:50:00,0.0,1.61,5.38
2025-11-05 16:00:00,0.0,1.62,5.22
2025-11-05 16:10:00,0.0,1.62,5.06
2025-11-05 16:20:00,0.0,1.62,5.52
2025-11-05 16:30:00,0.0,1.62,5.05
2025-11-05 16:40:00,0.4,1.62,5.23
2025-11-05 16:50:00,0.8,1.62,5.22
2025-11-05 17:00:00,1.19,1.63,5.4
2025-11-05 17:10:00,1.59,1.64,5.32
2025-11-05 17:20:00,1.98,1.65,5.25
2025-11-05 17:30:00,2.37,1.67,5.5
2025-11-05 17:40:00,2.77,1.69,5.57
2025-11-05 17:50:00,3.15,1.71,5.39
2025-11-05 18:00:00,3.54,1.73,5.28
2025-11-05 18:10:00,3.92,1.76,5.54
2025-11-05 18:20:00,4.3,1.8,5.25
2025-11-05 18:30:00,4.67,1.83,5.42
2025-11-05 18:40:00,5.04,1.86,5.62
2025-11-05 18:50:00,5.41,1.9,5.76
2025-11-05 19:00:00,5.77,1.94,5.77
2025-11-05 19:10:00,6.13,1.98,5.96
2025-11-05 19:20:00,6.48,2.02,5.97
2025-11-05 19:30:00,6.82,2.06,5.99
2025-11-05 19:40:00,7.16,2.11,5.95
2025-11-05 19:50:00,7.49,2.15,6.19
2025-11-05 20:00:00,7.82,2.2,6.37
2025-11-05 20:10:00,8.14,2.24,6.65
2025-11-05 20:20:00,8.45,2.29,6.65
2025-11-05 20:30:00,8.75,2.34,7.0
2025-11-05 20:40:00,9.05,2.39,7.33
2025-11-05 20:50:00,9.33,2.43,7.22
2025-11-05 21:00:00,9.61,2.48,7.88
2025-11-05 21:10:00,9.88,2.54,7.7
2025-11-05 21:20:00,10.15,2.58,8.1
2025-11-05 21:30:00,10.4,2.64,8.52
2025-11-05 21:40:00,10.64,2.69,8.62
2025-11-05 21:50:00,10.88,2.74,9.23
2025-11-05 22:00:00,11.1,2.79,9.23
2025-11-05 22:10:00,11.31,2.84,9.89
2025-11-05 22:20:00,11.52,2.89,10.29
2025-11-05 22:30:00,11.71,2.94,10.41
2025-11-05 22:40:00,11.89,2.99,10.92
2025-11-05 22:50:00,12.07,3.04,11.42
2025-11-05 23:00:00,12.23,3.09,11.61
2025-11-05 23:10:00,12.38,3.14,12.18
2025-11-05 23:20:00,12.52,3.18,12.13
2025-11-05 23:30:00,12.65,3.23,12.76
2025-11-05 23:40:00,12.77,3.27,13.07
2025-11-05 23:50:00,12.87,3.32,13.32
2025-11-06 00:00:00,12.97,3.36,13.79
2025-11-06 00:10:00,13.05,3.41,14.23
2025-11-06 00:20:00,13.12,3.45,14.78
2025-11-06 00:30:00,13.18,3.49,14.91
2025-11-06 00:40:00,13.23,3.52,15.48
2025-11-06 00:50:00,13.26,3.56,15.83
2025-11-06 01:00:00,13.29,3.6,16.4
2025-11-06 01:10:00,13.3,3.62,16.76
2025-11-06 01:20:00,13.3,3.65,16.99
2025-11-06 01:30:00,13.29,3.68,17.11
2025-11-06 01:40:00,13.26,3.71,17.45
2025-11-06 01:50:00,13.23,3.74,17.74
2025-11-06 02:00:00,13.18,3.77,18.03
2025-11-06 02:10:00,13.12,3.79,18.17
2025-11-06 02:20:00,13.05,3.82,18.78
2025-11-06 02:30:00,12.97,3.84,18.68
2025-11-06 02:40:00,12.87,3.85,18.96
2025-11-06 02:50:00,12.77,3.87,19.5
2025-11-06 03:00:00,12.65,3.88,19.7
2025-11-06 03:10:00,12.52,3.9,19.51
2025-11-06 03:20:00,12.38,3.91,19.83
2025-11-06 03:30:00,12.23,3.92,19.81
2025-11-06 03:40:00,12.07,3.92,20.01
2025-11-06 03:50:00,11.89,3.93,20.13
2025-11-06 04:00:00,11.71,3.93,20.23
2025-11-06 04:10:00,11.52,3.94,20.2
2025-11-06 04:20:00,11.31,3.94,19.85
2025-11-06 04:30:00,11.1,3.94,20.24
2025-11-06 04:40:00,10.88,3.93,19.95
2025-11-06 04:50:00,10.64,3.92,19.98
2025-11-06 05:00:00,10.4,3.91,20.08
2025-11-06 05:10:00,10.15,3.91,19.92
2025-11-06 05:20:00,9.88,3.89,19.53
2025-11-06 05:30:00,9.61,3.88,19.28
2025-11-06 05:40:00,9.33,3.86,19.2
2025-11-06 05:50:00,9.05,3.83,18.96
2025-11-06 06:00:00,8.75,3.81,18.58
2025-11-06 06:10:00,8.45,3.79,18.21
2025-11-06 06:20:00,8.14,3.76,18.09
2025-11-06 06:30:00,7.82,3.73,17.83
2025-11-06 06:40:00,7.49,3.71,17.38
2025-11-06 06:50:00,7.16,3.68,17.27
2025-11-06 07:00:00,6.82,3.65,16.81
2025-11-06 07:10:00,6.48,3.61,16.44
2025-11-06 07:20:00,6.13,3.58,16.26
2025-11-06 07:30:00,5.77,3.54,15.59
2025-11-06 07:40:00,5.41,3.5,15.39
2025-11-06 07:50:00,5.04,3.46,15.0
2025-11-06 08:00:00,4.67,3.42,14.43
2025-11-06 08:10:00,4.3,3.37,13.87
2025-11-06 08:20:00,3.92,3.33,13.62
2025-11-06 08:30:00,3.54,3.28,13.13
2025-11-06 08:40:00,3.15,3.24,12.85
2025-11-06 08:50:00,2.77,3.19,12.37
2025-11-06 09:00:00,2.37,3.13,11.71
2025-11-06 09:10:00,1.98,3.08,11.44
2025-11-06 09:20:00,1.59,3.03,11.18
2025-11-06 09:30:00,1.19,2.98,10.86
2025-11-06 09:40:00,0.8,2.92,10.08
2025-11-06 09:50:00,0.4,2.86,9.77
2025-11-06 10:00:00,0.0,2.8,9.62
2025-11-06 10:10:00,0.0,2.74,9.29
2025-11-06 10:20:00,0.0,2.68,8.69
2025-11-06 10:30:00,0.0,2.63,8.29
2025-11-06 10:40:00,0.0,2.58,8.13
2025-11-06 10:50:00,0.0,2.54,7.88
2025-11-06 11:00:00,0.0,2.49,7.79
2025-11-06 11:10:00,0.0,2.44,7.31
2025-11-06 11:20:00,0.0,2.4,7.41
2025-11-06 11:30:00,0.0,2.36,7.04
2025-11-06 11:40:00,0.0,2.32,6.85
2025-11-06 11:50:00,0.0,2.29,6.95
2025-11-06 12:00:00,0.0,2.26,6.53
2025-11-06 12:10:00,0.0,2.23,6.81
2025-11-06 12:20:00,0.0,2.2,6.28
2025-11-06 12:30:00,0.0,2.16,6.51
2025-11-06 12:40:00,0.0,2.14,6.09
2025-11-06 12:50:00,0.0,2.11,6.1
2025-11-06 13:00:00,0.0,2.09,6.18
2025-11-06 13:10:00,0.0,2.06,6.01
2025-11-06 13:20:00,0.0,2.04,6.12
2025-11-06 13:30:00,0.0,2.01,5.85
2025-11-06 13:40:00,0.0,1.99,5.8
2025-11-06 13:50:00,0.0,1.97,5.63
2025-11-06 14:00:00,0.0,1.95,5.74
2025-11-06 14:10:00,0.0,1.93,5.56
2025-11-06 14:20:00,0.0,1.91,5.86
2025-11-06 14:30:00,0.0,1.9,5.56
2025-11-06 14:40:00,0.0,1.89,5.74
2025-11-06 14:50:00,0.0,1.88,5.39
2025-11-06 15:00:00,0.0,1.86,5.53
2025-11-06 15:10:00,0.0,1.85,5.52
2025-11-06 15:20:00,0.0,1.84,5.58
2025-11-06 15:30:00,0.0,1.83,5.35
2025-11-06 15:40:00,0.0,1.82,5.46
2025-11-06 15:50:00,0.0,1.81,5.32
2025-11-06 16:00:00,0.0,1.8,5.53
2025-11-06 16:10:00,0.0,1.79,5.59
2025-11-06 16:20:00,0.0,1.78,5.22
2025-11-06 16:30:00,0.0,1.77,5.33
2025-11-06 16:40:00,0.0,1.76,5.38
2025-11-06 16:50:00,0.0,1.76,5.38
2025-11-06 17:00:00,0.0,1.75,5.35
2025-11-06 17:10:00,0.0,1.74,5.38
2025-11-06 17:20:00,0.0,1.74,5.35
2025-11-06 17:30:00,0.0,1.73,5.58
2025-11-06 17:40:00,0.0,1.72,5.52
2025-11-06 17:50:00,0.0,1.71,5.31
2025-11-06 18:00:00,0.0,1.71,5.14
2025-11-06 18:10:00,0.0,1.7,5.27
2025-11-06 18:20:00,0.0,1.7,5.58
2025-11-06 18:30:00,0.0,1.69,5.38
2025-11-06 18:40:00,0.0,1.68,5.16
2025-11-06 18:50:00,0.0,1.68,5.44
2025-11-06 19:00:00,0.0,1.67,5.3
2025-11-06 19:10:00,0.0,1.67,5.13
2025-11-06 19:20:00,0.0,1.66,5.34
2025-11-06 19:30:00,0.0,1.66,5.4
2025-11-06 19:40:00,0.0,1.66,5.19
2025-11-06 19:50:00,0.0,1.65,5.3
2025-11-06 20:00:00,0.0,1.65,5.47
2025-11-06 20:10:00,0.0,1.65,5.42
2025-11-06 20:20:00,0.0,1.65,5.35
2025-11-06 20:30:00,0.0,1.65,5.51
2025-11-06 20:40:00,0.0,1.64,5.52
2025-11-06 20:50:00,0.0,1.64,5.05
2025-11-06 21:00:00,0.0,1.63,5.39
2025-11-06 21:10:00,0.0,1.63,5.24
2025-11-06 21:20:00,0.0,1.63,5.52
2025-11-06 21:30:00,0.0,1.62,5.28
2025-11-06 21:40:00,0.0,1.62,5.47
2025-11-06 21:50:00,0.0,1.61,5.51
2025-11-06 22:00:00,0.0,1.61,5.38
2025-11-06 22:10:00,0.0,1.62,5.37
2025-11-06 22:20:00,0.0,1.62,5.19
2025-11-06 22:30:00,0.0,1.62,5.35
2025-11-06 22:40:00,0.0,1.62,5.11
2025-11-06 22:50:00,0.0,1.62,5.33
2025-11-06 23:00:00,0.0,1.62,5.04
2025-11-06 23:10:00,0.0,1.62,5.14
2025-11-06 23:20:00,0.0,1.61,5.39
2025-11-06 23:30:00,0.0,1.61,5.33
2025-11-06 23:40:00,0.0,1.61,5.27
2025-11-06 23:50:00,0.0,1.62,5.32
2025-11-07 00:00:00,0.0,1.61,5.49
2025-11-07 00:10:00,0.0,1.61,5.51
2025-11-07 00:20:00,0.0,1.61,5.2
2025-11-07 00:30:00,0.0,1.61,5.23
2025-11-07 00:40:00,0.0,1.61,5.43
2025-11-07 00:50:00,0.0,1.62,5.09
2025-11-07 01:00:00,0.0,1.61,5.44
2025-11-07 01:10:00,0.0,1.62,5.21
2025-11-07 01:20:00,0.0,1.62,5.04
2025-11-07 01:30:00,0.0,1.61,5.31
2025-11-07 01:40:00,0.0,1.62,5.53
2025-11-07 01:50:00,0.0,1.61,5.37
2025-11-07 02:00:00,0.0,1.61,5.36
2025-11-07 02:10:00,0.0,1.61,5.39
2025-11-07 02:20:00,0.0,1.61,5.34
2025-11-07 02:30:00,0.0,1.61,5.48
2025-11-07 02:40:00,0.0,1.61,5.07
2025-11-07 02:50:00,0.0,1.61,5.52
2025-11-07 03:00:00,0.0,1.61,5.34
2025-11-07 03:10:00,0.0,1.61,5.25
2025-11-07 03:20:00,0.0,1.61,5.43
2025-11-07 03:30:00,0.0,1.6,5.24
2025-11-07 03:40:00,0.0,1.6,5.19
2025-11-07 03:50:00,0.0,1.6,5.05
2025-11-07 04:00:00,0.0,1.6,5.11
2025-11-07 04:10:00,0.0,1.59,5.32
2025-11-07 04:20:00,0.0,1.6,5.11
2025-11-07 04:30:00,0.0,1.6,5.31
2025-11-07 04:40:00,0.0,1.6,5.08
2025-11-07 04:50:00,0.0,1.6,5.06
2025-11-07 05:00:00,0.0,1.6,5.47
2025-11-07 05:10:00,0.0,1.59,5.37
2025-11-07 05:20:00,0.0,1.59,5.21
2025-11-07 05:30:00,0.0,1.59,5.04
2025-11-07 05:40:00,0.0,1.6,5.14
2025-11-07 05:50:00,0.0,1.6,5.19
2025-11-07 06:00:00,0.0,1.6,5.04
2025-11-07 06:10:00,0.0,1.6,5.13
2025-11-07 06:20:00,0.0,1.6,5.05
2025-11-07 06:30:00,0.0,1.6,5.29
2025-11-07 06:40:00,0.0,1.61,5.44
2025-11-07 06:50:00,0.0,1.61,5.46
2025-11-07 07:00:00,0.0,1.61,5.13
2025-11-07 07:10:00,0.0,1.61,5.52
2025-11-07 07:20:00,0.0,1.61,5.21
2025-11-07 07:30:00,0.0,1.61,5.45
2025-11-07 07:40:00,0.0,1.62,5.51
2025-11-07 07:50:00,0.0,1.61,5.26
2025-11-07 08:00:00,0.0,1.61,5.17
2025-11-07 08:10:00,0.0,1.61,5.04
2025-11-07 08:20:00,0.0,1.61,5.13
2025-11-07 08:30:00,0.0,1.61,5.43
2025-11-07 08:40:00,0.0,1.61,5.33
2025-11-07 08:50:00,0.0,1.61,5.27
2025-11-07 09:00:00,0.0,1.61,5.07
2025-11-07 09:10:00,0.0,1.61,5.28
2025-11-07 09:20:00,0.0,1.61,5.12
2025-11-07 09:30:00,0.0,1.61,5.45
2025-11-07 09:40:00,0.0,1.61,5.13
2025-11-07 09:50:00,0.0,1.61,5.49
2025-11-07 10:00:00,0.0,1.61,5.41
2025-11-07 10:10:00,0.0,1.62,5.4
2025-11-07 10:20:00,0.0,1.62,5.13
2025-11-07 10:30:00,0.0,1.61,5.46
2025-11-07 10:40:00,0.0,1.61,5.51
2025-11-07 10:50:00,0.0,1.61,5.22
2025-11-07 11:00:00,0.0,1.61,5.43
2025-11-07 11:10:00,0.0,1.61,5.28
2025-11-07 11:20:00,0.0,1.61,5.08
2025-11-07 11:30:00,0.0,1.61,5.45
2025-11-07 11:40:00,0.0,1.61,5.09
2025-11-07 11:50:00,0.0,1.6,5.18
2025-11-07 12:00:00,0.0,1.6,5.44
2025-11-07 12:10:00,0.0,1.61,5.04
2025-11-07 12:20:00,0.0,1.61,5.42
2025-11-07 12:30:00,0.0,1.61,5.27
2025-11-07 12:40:00,0.0,1.61,5.2
2025-11-07 12:50:00,0.0,1.62,5.24
2025-11-07 13:00:00,0.0,1.62,5.3
2025-11-07 13:10:00,0.0,1.62,5.4
2025-11-07 13:20:00,0.0,1.61,5.06
2025-11-07 13:30:00,0.0,1.61,5.34
2025-11-07 13:40:00,0.0,1.61,5.34
2025-11-07 13:50:00,0.0,1.61,5.52
2025-11-07 14:00:00,2.09,1.62,5.44
2025-11-07 14:10:00,4.18,1.64,5.1
2025-11-07 14:20:00,6.26,1.68,5.29
2025-11-07 14:30:00,8.34,1.74,5.38
2025-11-07 14:40:00,10.41,1.81,5.38
2025-11-07 14:50:00,12.48,1.9,5.67
2025-11-07 15:00:00,14.53,2.02,5.89
2025-11-07 15:10:00,16.58,2.14,6.43
2025-11-07 15:20:00,18.61,2.28,6.87
2025-11-07 15:30:00,20.62,2.44,7.48
2025-11-07 15:40:00,22.63,2.61,8.31
2025-11-07 15:50:00,24.61,2.79,9.41
2025-11-07 16:00:00,26.58,2.98,10.74
2025-11-07 16:10:00,28.52,3.17,12.22
2025-11-07 16:20:00,30.45,3.38,13.95
2025-11-07 16:30:00,32.35,3.59,16.25
2025-11-07 16:40:00,34.23,3.81,18.64
2025-11-07 16:50:00,36.08,4.04,21.46
2025-11-07 17:00:00,37.9,4.28,24.31
2025-11-07 17:10:00,39.69,4.52,27.91
2025-11-07 17:20:00,41.46,4.77,31.86
2025-11-07 17:30:00,43.19,5.03,36.13
2025-11-07 17:40:00,44.89,5.29,41.4
2025-11-07 17:50:00,46.56,5.56,46.28
2025-11-07 18:00:00,48.19,5.83,52.15
2025-11-07 18:10:00,49.78,6.1,58.13
2025-11-07 18:20:00,51.34,6.37,64.78
2025-11-07 18:30:00,52.85,6.64,71.13
2025-11-07 18:40:00,54.33,6.92,78.41
2025-11-07 18:50:00,55.77,7.19,86.08
2025-11-07 19:00:00,57.16,7.47,94.57
2025-11-07 19:10:00,58.51,7.75,103.15
2025-11-07 19:20:00,59.82,8.03,111.62
2025-11-07 19:30:00,61.08,8.3,121.13
2025-11-07 19:40:00,62.29,8.58,130.42
2025-11-07 19:50:00,63.46,8.85,140.14
2025-11-07 20:00:00,64.57,9.12,150.64
2025-11-07 20:10:00,65.64,9.39,160.82
2025-11-07 20:20:00,66.66,9.66,171.93
2025-11-07 20:30:00,67.63,9.93,182.78
2025-11-07 20:40:00,68.55,10.19,194.09
2025-11-07 20:50:00,69.41,10.45,205.18
2025-11-07 21:00:00,70.23,10.7,216.7
2025-11-07 21:10:00,70.99,10.94,227.96
2025-11-07 21:20:00,71.69,11.19,239.83
2025-11-07 21:30:00,72.34,11.42,251.33
2025-11-07 21:40:00,72.94,11.66,263.43
2025-11-07 21:50:00,73.48,11.88,274.96
2025-11-07 22:00:00,73.96,12.1,286.39
2025-11-07 22:10:00,74.39,12.32,297.86
2025-11-07 22:20:00,74.76,12.53,309.31
2025-11-07 22:30:00,75.08,12.73,320.53
2025-11-07 22:40:00,75.34,12.92,331.66
2025-11-07 22:50:00,75.54,13.12,342.39
2025-11-07 23:00:00,75.68,13.3,353.37
2025-11-07 23:10:00,75.77,13.47,363.65
2025-11-07 23:20:00,75.8,13.64,373.55
2025-11-07 23:30:00,75.77,13.8,383.33
2025-11-07 23:40:00,75.68,13.94,392.32
2025-11-07 23:50:00,75.54,14.09,401.05
2025-11-08 00:00:00,75.34,14.22,409.78
2025-11-08 00:10:00,75.08,14.35,417.96
2025-11-08 00:20:00,74.76,14.46,424.82
2025-11-08 00:30:00,74.39,14.56,431.66
2025-11-08 00:40:00,73.96,14.65,437.59
2025-11-08 00:50:00,73.48,14.74,443.7
2025-11-08 01:00:00,72.94,14.82,448.88
2025-11-08 01:10:00,72.34,14.89,453.78
2025-11-08 01:20:00,71.69,14.95,457.72
2025-11-08 01:30:00,70.99,15.01,461.33
2025-11-08 01:40:00,70.23,15.04,463.93
2025-11-08 01:50:00,69.41,15.08,465.87
2025-11-08 02:00:00,68.55,15.09,466.9
2025-11-08 02:10:00,67.63,15.1,467.73
2025-11-08 02:20:00,66.66,15.1,467.26
2025-11-08 02:30:00,65.64,15.09,467.09
2025-11-08 02:40:00,64.57,15.08,466.19
2025-11-08 02:50:00,63.46,15.05,464.04
2025-11-08 03:00:00,62.29,15.01,461.34
2025-11-08 03:10:00,61.08,14.96,457.89
2025-11-08 03:20:00,59.82,14.89,453.67
2025-11-08 03:30:00,58.51,14.83,449.28
2025-11-08 03:40:00,57.16,14.75,444.47
2025-11-08 03:50:00,55.77,14.67,438.74
2025-11-08 04:00:00,54.33,14.57,432.53
2025-11-08 04:10:00,52.85,14.46,425.42
2025-11-08 04:20:00,51.34,14.35,417.98
2025-11-08 04:30:00,49.78,14.22,410.13
2025-11-08 04:40:00,48.19,14.09,401.51
2025-11-08 04:50:00,46.56,13.95,392.8
2025-11-08 05:00:00,44.89,13.8,383.15
2025-11-08 05:10:00,43.19,13.63,373.18
2025-11-08 05:20:00,41.46,13.46,362.95
2025-11-08 05:30:00,39.69,13.29,352.83
2025-11-08 05:40:00,37.9,13.1,341.64
2025-11-08 05:50:00,36.08,12.9,330.33
2025-11-08 06:00:00,34.23,12.7,318.89
2025-11-08 06:10:00,32.35,12.49,307.02
2025-11-08 06:20:00,30.45,12.27,295.42
2025-11-08 06:30:00,28.52,12.04,282.91
2025-11-08 06:40:00,26.58,11.8,270.66
2025-11-08 06:50:00,24.61,11.55,257.91
2025-11-08 07:00:00,22.63,11.3,245.37
2025-11-08 07:10:00,20.62,11.04,232.94
2025-11-08 07:20:00,18.61,10.78,220.47
2025-11-08 07:30:00,16.58,10.5,207.8
2025-11-08 07:40:00,14.53,10.23,195.49
2025-11-08 07:50:00,12.48,9.94,183.29
2025-11-08 08:00:00,10.41,9.65,171.24
2025-11-08 08:10:00,8.34,9.35,159.42
2025-11-08 08:20:00,6.26,9.05,147.62
2025-11-08 08:30:00,4.18,8.74,136.24
2025-11-08 08:40:00,2.09,8.43,125.43
2025-11-08 08:50:00,0.0,8.11,114.42
2025-11-08 09:00:00,0.0,7.78,103.98
2025-11-08 09:10:00,0.0,7.47,94.49
2025-11-08 09:20:00,0.0,7.18,85.89
2025-11-08 09:30:00,0.0,6.9,78.11
2025-11-08 09:40:00,0.0,6.63,71.21
2025-11-08 09:50:00,0.0,6.38,64.76
2025-11-08 10:00:00,0.0,6.14,59.19
2025-11-08 10:10:00,0.0,5.92,53.81
2025-11-08 10:20:00,0.0,5.7,49.12
2025-11-08 10:30:00,0.0,5.49,45.26
2025-11-08 10:40:00,0.0,5.3,41.11
2025-11-08 10:50:00,0.0,5.12,37.72
2025-11-08 11:00:00,0.0,4.94,35.07
2025-11-08 11:10:00,0.0,4.78,32.16
2025-11-08 11:20:00,0.0,4.62,29.81
2025-11-08 11:30:00,0.0,4.47,27.39
2025-11-08 11:40:00,0.0,4.33,25.1
2025-11-08 11:50:00,0.0,4.19,23.56
2025-11-08 12:00:00,0.0,4.06,21.71
2025-11-08 12:10:00,0.0,3.93,20.15
2025-11-08 12:20:00,0.0,3.82,18.9
2025-11-08 12:30:00,0.0,3.71,17.64
2025-11-08 12:40:00,0.0,3.6,16.44
2025-11-08 12:50:00,0.0,3.51,15.12
2025-11-08 13:00:00,0.0,3.41,14.3
2025-11-08 13:10:00,0.0,3.32,13.33
2025-11-08 13:20:00,0.0,3.23,12.89
2025-11-08 13:30:00,0.0,3.15,12.17
2025-11-08 13:40:00,0.0,3.07,11.64
2025-11-08 13:50:00,0.0,3.0,10.69
2025-11-08 14:00:00,0.0,2.93,10.47
2025-11-08 14:10:00,0.0,2.87,9.7
2025-11-08 14:20:00,0.0,2.81,9.28
2025-11-08 14:30:00,0.0,2.74,8.92
2025-11-08 14:40:00,0.0,2.69,8.94
2025-11-08 14:50:00,0.0,2.63,8.59
2025-11-08 15:00:00,0.0,2.58,8.0
2025-11-08 15:10:00,0.0,2.53,8.07
2025-11-08 15:20:00,0.0,2.48,7.44
2025-11-08 15:30:00,0.0,2.44,7.64
2025-11-08 15:40:00,0.0,2.4,7.45
2025-11-08 15:50:00,0.0,2.36,7.29
2025-11-08 16:00:00,0.0,2.32,7.14
2025-11-08 16:10:00,0.0,2.29,6.74
2025-11-08 16:20:00,0.0,2.25,6.7
2025-11-08 16:30:00,0.0,2.23,6.53
2025-11-08 16:40:00,0.0,2.19,6.6
2025-11-08 16:50:00,0.0,2.16,6.47
2025-11-08 17:00:00,0.0,2.12,5.99
2025-11-08 17:10:00,0.0,2.09,5.92
2025-11-08 17:20:00,0.0,2.06,6.08
2025-11-08 17:30:00,0.0,2.04,6.22
2025-11-08 17:40:00,0.0,2.02,5.71
2025-11-08 17:50:00,0.0,2.0,5.74
2025-11-08 18:00:00,0.0,1.98,5.8
2025-11-08 18:10:00,0.0,1.96,5.64
2025-11-08 18:20:00,0.0,1.94,5.51
2025-11-08 18:30:00,0.0,1.93,5.72
2025-11-08 18:40:00,0.0,1.91,5.65
2025-11-08 18:50:00,0.0,1.9,5.74
2025-11-08 19:00:00,0.0,1.88,5.85
2025-11-08 19:10:00,0.0,1.87,5.61
2025-11-08 19:20:00,0.0,1.86,5.65
2025-11-08 19:30:00,0.0,1.84,5.52
2025-11-08 19:40:00,0.0,1.83,5.32
2025-11-08 19:50:00,0.0,1.82,5.7
2025-11-08 20:00:00,0.0,1.8,5.6
2025-11-08 20:10:00,0.0,1.79,5.57
2025-11-08 20:20:00,0.0,1.78,5.6
2025-11-08 20:30:00,0.0,1.77,5.28
2025-11-08 20:40:00,0.0,1.76,5.19
2025-11-08 20:50:00,0.0,1.75,5.53
2025-11-08 21:00:00,0.0,1.74,5.31
2025-11-08 21:10:00,0.0,1.74,5.25
2025-11-08 21:20:00,0.0,1.73,5.19
2025-11-08 21:30:00,0.0,1.72,5.39
2025-11-08 21:40:00,0.0,1.72,5.16
2025-11-08 21:50:00,0.0,1.71,5.25
2025-11-08 22:00:00,0.0,1.7,5.23
2025-11-08 22:10:00,0.0,1.69,5.24
2025-11-08 22:20:00,0.0,1.69,5.46
2025-11-08 22:30:00,0.0,1.69,5.15
2025-11-08 22:40:00,0.0,1.68,5.24
2025-11-08 22:50:00,0.0,1.68,5.23
2025-11-08 23:00:00,0.0,1.68,5.18
2025-11-08 23:10:00,0.0,1.68,5.48
2025-11-08 23:20:00,0.0,1.67,5.24
2025-11-08 23:30:00,0.0,1.67,5.37
2025-11-08 23:40:00,0.0,1.67,5.4
2025-11-08 23:50:00,0.0,1.66,5.39
2025-11-09 00:00:00,0.0,1.66,5.49
2025-11-09 00:10:00,0.0,1.65,5.34
2025-11-09 00:20:00,0.0,1.65,5.18
2025-11-09 00:30:00,0.0,1.64,5.53
2025-11-09 00:40:00,0.0,1.64,5.45
2025-11-09 00:50:00,0.0,1.64,5.28
2025-11-09 01:00:00,0.0,1.64,5.41
2025-11-09 01:10:00,0.0,1.63,5.46
2025-11-09 01:20:00,0.0,1.64,5.27
2025-11-09 01:30:00,0.0,1.63,5.23
2025-11-09 01:40:00,0.0,1.64,5.29
2025-11-09 01:50:00,0.0,1.63,5.38
2025-11-09 02:00:00,0.0,1.63,5.21
2025-11-09 02:10:00,0.0,1.62,5.37
2025-11-09 02:20:00,0.0,1.62,5.13
2025-11-09 02:30:00,0.0,1.61,5.13
2025-11-09 02:40:00,0.0,1.61,5.34
2025-11-09 02:50:00,0.0,1.61,5.37
2025-11-09 03:00:00,0.0,1.61,5.45
2025-11-09 03:10:00,0.0,1.61,5.3
2025-11-09 03:20:00,0.0,1.61,5.3
2025-11-09 03:30:00,0.0,1.6,5.27
2025-11-09 03:40:00,0.0,1.6,5.29
2025-11-09 03:50:00,0.0,1.6,5.32
2025-11-09 04:00:00,0.0,1.59,5.22
2025-11-09 04:10:00,0.0,1.6,5.31
2025-11-09 04:20:00,0.0,1.59,5.18
2025-11-09 04:30:00,0.0,1.6,5.3
2025-11-09 04:40:00,0.0,1.6,5.43
2025-11-09 04:50:00,0.0,1.6,5.36
2025-11-09 05:00:00,0.0,1.6,5.38
2025-11-09 05:10:00,0.0,1.59,5.49
2025-11-09 05:20:00,0.0,1.6,5.46
2025-11-09 05:30:00,0.0,1.6,5.52
2025-11-09 05:40:00,0.0,1.6,5.27
2025-11-09 05:50:00,0.0,1.59,5.17
2025-11-09 06:00:00,0.0,1.59,5.06
2025-11-09 06:10:00,0.0,1.59,5.22
2025-11-09 06:20:00,0.0,1.59,5.15
2025-11-09 06:30:00,0.0,1.58,5.51
2025-11-09 06:40:00,0.0,1.58,5.38
2025-11-09 06:50:00,0.0,1.58,5.34
2025-11-09 07:00:00,0.0,1.59,5.25
2025-11-09 07:10:00,0.0,1.59,5.23
2025-11-09 07:20:00,0.0,1.59,5.16
2025-11-09 07:30:00,0.0,1.59,5.32
2025-11-09 07:40:00,0.0,1.59,5.44
2025-11-09 07:50:00,2.1,1.59,5.24
2025-11-09 08:00:00,4.2,1.61,5.52
2025-11-09 08:10:00,6.28,1.65,5.15
2025-11-09 08:20:00,8.34,1.72,5.29
2025-11-09 08:30:00,10.37,1.79,5.28
2025-11-09 08:40:00,12.36,1.88,5.58
2025-11-09 08:50:00,14.31,1.99,5.98
2025-11-09 09:00:00,16.21,2.11,6.33
2025-11-09 09:10:00,18.05,2.25,6.76
2025-11-09 09:20:00,19.83,2.39,7.3
2025-11-09 09:30:00,23.4,2.55,7.93
2025-11-09 09:40:00,26.9,2.73,8.96
2025-11-09 09:50:00,30.31,2.94,10.6
2025-11-09 10:00:00,33.63,3.18,12.32
2025-11-09 10:10:00,36.85,3.44,14.49
2025-11-09 10:20:00,39.97,3.72,17.76
2025-11-09 10:30:00,42.98,4.01,20.76
2025-11-09 10:40:00,45.86,4.32,25.08
2025-11-09 10:50:00,48.63,4.64,30.02
2025-11-09 11:00:00,51.27,4.97,35.33
2025-11-09 11:10:00,53.77,5.32,41.49
2025-11-09 11:20:00,56.14,5.67,48.62
2025-11-09 11:30:00,58.37,6.02,56.38
2025-11-09 11:40:00,60.45,6.39,65.13
2025-11-09 11:50:00,62.39,6.75,74.13
2025-11-09 12:00:00,64.18,7.12,84.1
2025-11-09 12:10:00,65.82,7.48,94.77
2025-11-09 12:20:00,67.31,7.85,106.22
2025-11-09 12:30:00,68.64,8.21,117.68
2025-11-09 12:40:00,69.82,8.57,130.22
2025-11-09 12:50:00,70.84,8.92,142.92
2025-11-09 13:00:00,71.72,9.27,156.27
2025-11-09 13:10:00,72.43,9.6,169.13
2025-11-09 13:20:00,73.0,9.92,182.54
2025-11-09 13:30:00,73.42,10.23,196.06
2025-11-09 13:40:00,73.69,10.54,209.56
2025-11-09 13:50:00,73.81,10.83,222.68
2025-11-09 14:00:00,73.79,11.1,235.88
2025-11-09 14:10:00,73.64,11.37,248.49
2025-11-09 14:20:00,73.34,11.62,260.99
2025-11-09 14:30:00,72.92,11.85,273.31
2025-11-09 14:40:00,72.37,12.07,284.81
2025-11-09 14:50:00,71.7,12.27,295.23
2025-11-09 15:00:00,70.91,12.45,305.04
2025-11-09 15:10:00,70.01,12.61,314.0
2025-11-09 15:20:00,69.0,12.76,322.48
2025-11-09 15:30:00,67.89,12.89,329.61
2025-11-09 15:40:00,66.69,13.01,336.38
2025-11-09 15:50:00,65.4,13.1,341.83
2025-11-09 16:00:00,64.03,13.18,346.51
2025-11-09 16:10:00,62.58,13.24,350.12
2025-11-09 16:20:00,61.07,13.28,352.34
2025-11-09 16:30:00,59.5,13.31,354.23
2025-11-09 16:40:00,59.97,13.32,354.65
2025-11-09 16:50:00,60.39,13.34,355.79
2025-11-09 17:00:00,60.75,13.36,356.99
2025-11-09 17:10:00,61.06,13.38,357.88
2025-11-09 17:20:00,61.32,13.4,359.19
2025-11-09 17:30:00,61.51,13.42,360.78
2025-11-09 17:40:00,61.65,13.45,362.4
2025-11-09 17:50:00,61.74,13.48,363.83
2025-11-09 18:00:00,61.77,13.5,365.57
2025-11-09 18:10:00,61.74,13.52,366.83
2025-11-09 18:20:00,61.65,13.54,367.73
2025-11-09 18:30:00,61.51,13.56,368.87
2025-11-09 18:40:00,61.32,13.57,369.66
2025-11-09 18:50:00,61.06,13.59,370.63
2025-11-09 19:00:00,60.75,13.6,371.61
2025-11-09 19:10:00,60.39,13.61,371.71
2025-11-09 19:20:00,59.97,13.62,372.57
2025-11-09 19:30:00,59.5,13.61,372.05
2025-11-09 19:40:00,58.97,13.61,372.1
2025-11-09 19:50:00,58.39,13.6,371.17
2025-11-09 20:00:00,57.75,13.58,370.21
2025-11-09 20:10:00,57.06,13.56,369.11
2025-11-09 20:20:00,56.32,13.53,367.09
2025-11-09 20:30:00,55.53,13.5,365.27
2025-11-09 20:40:00,54.69,13.46,363.35
2025-11-09 20:50:00,53.8,13.42,360.51
2025-11-09 21:00:00,52.86,13.37,357.27
2025-11-09 21:10:00,51.87,13.31,353.87
2025-11-09 21:20:00,50.83,13.25,350.1
2025-11-09 21:30:00,49.75,13.17,345.86
2025-11-09 21:40:00,48.62,13.08,340.9
2025-11-09 21:50:00,47.45,12.99,335.29
2025-11-09 22:00:00,46.23,12.9,330.13
2025-11-09 22:10:00,44.97,12.8,324.52
2025-11-09 22:20:00,43.67,12.69,318.55
2025-11-09 22:30:00,42.34,12.57,311.37
2025-11-09 22:40:00,40.96,12.44,304.44
2025-11-09 22:50:00,39.54,12.31,297.21
2025-11-09 23:00:00,38.09,12.17,289.52
2025-11-09 23:10:00,36.61,12.02,282.25
2025-11-09 23:20:00,35.09,11.87,274.07
2025-11-09 23:30:00,33.54,11.71,265.74
2025-11-09 23:40:00,31.95,11.54,257.43
2025-11-09 23:50:00,30.34,11.36,248.36
2025-11-10 00:00:00,28.7,11.18,239.34
2025-11-10 00:10:00,27.04,10.99,230.14
2025-11-10 00:20:00,25.35,10.79,220.98
2025-11-10 00:30:00,23.64,10.58,211.43
2025-11-10 00:40:00,21.9,10.37,201.6
2025-11-10 00:50:00,20.15,10.14,192.13
2025-11-10 01:00:00,18.38,9.92,182.57
2025-11-10 01:10:00,16.59,9.69,172.84
2025-11-10 01:20:00,14.78,9.45,163.11
2025-11-10 01:30:00,12.96,9.2,153.79
2025-11-10 01:40:00,11.13,8.95,144.15
2025-11-10 01:50:00,9.29,8.7,134.76
2025-11-10 02:00:00,7.44,8.44,125.53
2025-11-10 02:10:00,5.59,8.17,116.74
2025-11-10 02:20:00,3.73,7.9,107.62
2025-11-10 02:30:00,1.87,7.62,98.99
2025-11-10 02:40:00,0.0,7.34,90.7
2025-11-10 02:50:00,0.0,7.06,82.49
2025-11-10 03:00:00,0.0,6.78,74.85
2025-11-10 03:10:00,0.0,6.52,68.48
2025-11-10 03:20:00,0.0,6.28,62.27
2025-11-10 03:30:00,0.0,6.04,56.54
2025-11-10 03:40:00,0.0,5.82,51.92
2025-11-10 03:50:00,0.0,5.61,47.3
2025-11-10 04:00:00,0.0,5.41,43.28
2025-11-10 04:10:00,0.0,5.21,39.63
2025-11-10 04:20:00,0.0,5.03,36.25
2025-11-10 04:30:00,0.0,4.86,33.59
2025-11-10 04:40:00,0.0,4.7,30.86
2025-11-10 04:50:00,0.0,4.54,28.33
2025-11-10 05:00:00,0.0,4.4,26.46
2025-11-10 05:10:00,0.0,4.26,24.42
2025-11-10 05:20:00,0.0,4.12,22.54
2025-11-10 05:30:00,0.0,3.99,20.86
2025-11-10 05:40:00,0.0,3.87,19.33
2025-11-10 05:50:00,0.0,3.76,18.27
2025-11-10 06:00:00,0.0,3.65,16.82
2025-11-10 06:10:00,0.0,3.55,15.65
2025-11-10 06:20:00,0.0,3.45,14.86
2025-11-10 06:30:00,0.0,3.36,13.86
2025-11-10 06:40:00,0.0,3.27,13.01
2025-11-10 06:50:00,0.0,3.19,12.33
2025-11-10 07:00:00,0.0,3.11,11.91
2025-11-10 07:10:00,0.0,3.03,11.33
2025-11-10 07:20:00,0.0,2.95,10.73
2025-11-10 07:30:00,0.0,2.89,10.05
2025-11-10 07:40:00,0.0,2.82,9.49
2025-11-10 07:50:00,0.0,2.76,9.06
2025-11-10 08:00:00,0.0,2.71,8.76
2025-11-10 08:10:00,0.0,2.65,8.8
2025-11-10 08:20:00,0.0,2.6,8.24
2025-11-10 08:30:00,0.0,2.55,8.11
2025-11-10 08:40:00,0.0,2.5,7.86
2025-11-10 08:50:00,0.0,2.45,7.43
2025-11-10 09:00:00,0.0,2.41,7.33
2025-11-10 09:10:00,0.0,2.37,7.03
2025-11-10 09:20:00,0.0,2.33,7.11
2025-11-10 09:30:00,0.0,2.29,7.02
2025-11-10 09:40:00,0.0,2.26,6.93
2025-11-10 09:50:00,0.0,2.22,6.68
2025-11-10 10:00:00,0.0,2.19,6.42
2025-11-10 10:10:00,0.0,2.17,6.23
2025-11-10 10:20:00,0.0,2.14,6.44
2025-11-10 10:30:00,0.0,2.12,5.97
2025-11-10 10:40:00,0.0,2.09,6.27
2025-11-10 10:50:00,0.0,2.07,6.19
2025-11-10 11:00:00,0.0,2.04,6.11
2025-11-10 11:10:00,0.0,2.02,5.86
2025-11-10 11:20:00,0.0,1.99,5.89
2025-11-10 11:30:00,0.0,1.98,5.92
2025-11-10 11:40:00,0.0,1.95,5.67
2025-11-10 11:50:00,0.0,1.93,5.71
2025-11-10 12:00:00,0.0,1.91,5.54
2025-11-10 12:10:00,0.0,1.9,5.48
2025-11-10 12:20:00,0.0,1.89,5.52
2025-11-10 12:30:00,0.0,1.88,5.74
2025-11-10 12:40:00,0.0,1.87,5.39
2025-11-10 12:50:00,0.0,1.85,5.49
2025-11-10 13:00:00,0.0,1.84,5.54
2025-11-10 13:10:00,0.0,1.83,5.56
2025-11-10 13:20:00,0.0,1.81,5.68
2025-11-10 13:30:00,0.0,1.81,5.32
2025-11-10 13:40:00,0.0,1.8,5.24
2025-11-10 13:50:00,0.0,1.78,5.46
2025-11-10 14:00:00,0.0,1.77,5.6
2025-11-10 14:10:00,0.0,1.77,5.55
2025-11-10 14:20:00,0.0,1.75,5.37
2025-11-10 14:30:00,0.0,1.75,5.29
2025-11-10 14:40:00,0.0,1.75,5.53
2025-11-10 14:50:00,0.0,1.74,5.47
2025-11-10 15:00:00,0.0,1.73,5.38
2025-11-10 15:10:00,0.0,1.73,5.38
2025-11-10 15:20:00,0.0,1.73,5.43
2025-11-10 15:30:00,0.0,1.71,5.16
2025-11-10 15:40:00,0.0,1.71,5.37
2025-11-10 15:50:00,0.0,1.7,5.36
2025-11-10 16:00:00,0.0,1.69,5.22
2025-11-10 16:10:00,0.0,1.69,5.22
2025-11-10 16:20:00,3.18,1.68,5.15
2025-11-10 16:30:00,6.36,1.71,5.39
2025-11-10 16:40:00,9.53,1.77,5.3
2025-11-10 16:50:00,12.68,1.86,5.6
2025-11-10 17:00:00,15.81,1.97,6.02
2025-11-10 17:10:00,18.92,2.11,6.33
2025-11-10 17:20:00,21.99,2.28,6.57
2025-11-10 17:30:00,25.02,2.47,7.72
2025-11-10 17:40:00,28.02,2.67,8.72
2025-11-10 17:50:00,30.97,2.9,10.19
2025-11-10 18:00:00,33.86,3.14,12.13
2025-11-10 18:10:00,36.7,3.4,14.45
2025-11-10 18:20:00,39.48,3.68,17.01
2025-11-10 18:30:00,42.19,3.97,20.27
2025-11-10 18:40:00,44.84,4.27,24.54
2025-11-10 18:50:00,47.41,4.59,29.06
2025-11-10 19:00:00,49.9,4.91,34.57
2025-11-10 19:10:00,52.3,5.25,40.56
2025-11-10 19:20:00,54.62,5.59,47.05
2025-11-10 19:30:00,56.85,5.94,54.57
2025-11-10 19:40:00,58.98,6.29,62.59
2025-11-10 19:50:00,61.02,6.64,71.27
2025-11-10 20:00:00,62.95,7.0,80.79
2025-11-10 20:10:00,64.78,7.36,91.09
2025-11-10 20:20:00,66.5,7.71,101.98
2025-11-10 20:30:00,68.11,8.07,113.33
2025-11-10 20:40:00,69.61,8.42,125.33
2025-11-10 20:50:00,70.99,8.78,137.79
2025-11-10 21:00:00,72.26,9.14,151.12
2025-11-10 21:10:00,73.4,9.48,164.78
2025-11-10 21:20:00,74.42,9.82,178.28
2025-11-10 21:30:00,75.32,10.16,192.76
2025-11-10 21:40:00,76.09,10.48,206.8
2025-11-10 21:50:00,76.73,10.8,221.64
2025-11-10 22:00:00,77.25,11.11,236.05
2025-11-10 22:10:00,77.64,11.4,250.25
2025-11-10 22:20:00,77.9,11.69,264.81
2025-11-10 22:30:00,78.03,11.96,278.74
2025-11-10 22:40:00,78.03,12.22,292.56
2025-11-10 22:50:00,77.9,12.47,306.18
2025-11-10 23:00:00,77.64,12.71,319.0
2025-11-10 23:10:00,77.25,12.93,332.05
2025-11-10 23:20:00,76.73,13.14,343.87
2025-11-10 23:30:00,76.09,13.33,355.19
2025-11-10 23:40:00,75.32,13.51,365.44
2025-11-10 23:50:00,74.42,13.66,375.04
2025-11-11 00:00:00,73.4,13.81,383.73
2025-11-11 00:10:00,72.26,13.93,391.36
2025-11-11 00:20:00,70.99,14.03,397.92
2025-11-11 00:30:00,69.61,14.12,402.98
2025-11-11 00:40:00,68.11,14.19,407.76
2025-11-11 00:50:00,66.5,14.25,411.31
2025-11-11 01:00:00,64.78,14.28,413.21
2025-11-11 01:10:00,62.95,14.3,414.58
2025-11-11 01:20:00,61.02,14.29,414.29
2025-11-11 01:30:00,58.98,14.27,412.88
2025-11-11 01:40:00,56.85,14.23,410.14
2025-11-11 01:50:00,54.62,14.16,406.28
2025-11-11 02:00:00,52.3,14.08,400.86
2025-11-11 02:10:00,49.9,13.98,394.66
2025-11-11 02:20:00,47.41,13.85,387.06
2025-11-11 02:30:00,44.84,13.72,378.39
2025-11-11 02:40:00,42.19,13.56,369.08
2025-11-11 02:50:00,39.48,13.39,358.55
2025-11-11 03:00:00,36.7,13.19,347.02
2025-11-11 03:10:00,33.86,12.98,334.8
2025-11-11 03:20:00,30.97,12.75,321.51
2025-11-11 03:30:00,28.02,12.51,308.13
2025-11-11 03:40:00,25.02,12.24,293.57
2025-11-11 03:50:00,21.99,11.95,278.56
2025-11-11 04:00:00,18.92,11.66,263.19
2025-11-11 04:10:00,15.81,11.34,247.41
2025-11-11 04:20:00,12.68,11.01,231.31
2025-11-11 04:30:00,9.53,10.67,215.41
2025-11-11 04:40:00,6.36,10.31,199.4
2025-11-11 04:50:00,3.18,9.94,183.45
2025-11-11 05:00:00,0.0,9.55,167.49
2025-11-11 05:10:00,0.0,9.15,151.6
2025-11-11 05:20:00,0.0,8.77,137.48
2025-11-11 05:30:00,0.0,8.41,124.65
2025-11-11 05:40:00,0.0,8.07,113.39
2025-11-11 05:50:00,0.0,7.75,103.07
2025-11-11 06:00:00,0.0,7.44,93.6
2025-11-11 06:10:00,0.0,7.15,85.11
2025-11-11 06:20:00,0.0,6.86,77.4
2025-11-11 06:30:00,0.0,6.6,70.14
2025-11-11 06:40:00,0.0,6.35,63.79
2025-11-11 06:50:00,0.0,6.11,58.49
2025-11-11 07:00:00,0.0,5.88,53.3
2025-11-11 07:10:00,0.0,5.67,48.69
2025-11-11 07:20:00,0.0,5.47,44.58
2025-11-11 07:30:00,0.0,5.28,41.0
2025-11-11 07:40:00,0.0,5.09,37.53
2025-11-11 07:50:00,0.0,4.91,34.13
2025-11-11 08:00:00,0.0,4.74,31.56
2025-11-11 08:10:00,0.0,4.58,29.13
2025-11-11 08:20:00,0.0,4.43,26.45
2025-11-11 08:30:00,0.0,4.28,24.54
2025-11-11 08:40:00,0.0,4.15,22.85
2025-11-11 08:50:00,0.0,4.02,21.29
2025-11-11 09:00:00,0.0,3.9,19.7
2025-11-11 09:10:00,0.0,3.79,18.48
2025-11-11 09:20:00,0.0,3.68,17.18
2025-11-11 09:30:00,0.0,3.58,15.78
2025-11-11 09:40:00,0.0,3.48,14.79
2025-11-11 09:50:00,0.0,3.38,13.9
2025-11-11 10:00:00,0.0,3.3,13.25
2025-11-11 10:10:00,0.0,3.22,12.44
2025-11-11 10:20:00,0.0,3.14,11.9
2025-11-11 10:30:00,0.0,3.06,11.15
2025-11-11 10:40:00,0.0,2.98,10.69
2025-11-11 10:50:00,0.0,2.91,10.36
2025-11-11 11:00:00,0.0,2.85,9.94
2025-11-11 11:10:00,0.0,2.79,9.21
2025-11-11 11:20:00,0.0,2.73,8.95
2025-11-11 11:30:00,0.0,2.67,8.82
2025-11-11 11:40:00,0.0,2.62,8.16
2025-11-11 11:50:00,0.0,2.57,7.94
2025-11-11 12:00:00,0.0,2.52,7.79
2025-11-11 12:10:00,0.0,2.48,7.41
2025-11-11 12:20:00,0.0,2.44,7.31
2025-11-11 12:30:00,0.0,2.39,7.01
2025-11-11 12:40:00,0.0,2.35,7.03
2025-11-11 12:50:00,0.0,2.32,7.08
2025-11-11 13:00:00,0.0,2.29,6.83
2025-11-11 13:10:00,0.0,2.25,6.7
2025-11-11 13:20:00,0.0,2.22,6.38
2025-11-11 13:30:00,0.0,2.18,6.29
2025-11-11 13:40:00,0.0,2.15,6.39
2025-11-11 13:50:00,0.0,2.13,6.02
2025-11-11 14:00:00,0.0,2.1,6.36
2025-11-11 14:10:00,0.0,2.08,6.02
2025-11-11 14:20:00,0.0,2.05,5.85
2025-11-11 14:30:00,0.0,2.03,5.84
2025-11-11 14:40:00,0.0,2.01,6.05
2025-11-11 14:50:00,0.0,1.99,5.73
2025-11-11 15:00:00,0.0,1.97,5.68
2025-11-11 15:10:00,0.0,1.96,5.78
2025-11-11 15:20:00,0.0,1.94,5.91
2025-11-11 15:30:00,0.0,1.92,5.44
2025-11-11 15:40:00,0.0,1.9,5.41
2025-11-11 15:50:00,0.0,1.89,5.52
2025-11-11 16:00:00,0.0,1.88,5.78
2025-11-11 16:10:00,0.0,1.86,5.5
2025-11-11 16:20:00,0.0,1.85,5.48
2025-11-11 16:30:00,0.0,1.84,5.34
2025-11-11 16:40:00,0.0,1.83,5.49
2025-11-11 16:50:00,0.0,1.81,5.46
2025-11-11 17:00:00,0.0,1.8,5.27
2025-11-11 17:10:00,0.0,1.79,5.28
2025-11-11 17:20:00,0.0,1.78,5.62
2025-11-11 17:30:00,0.0,1.77,5.53
2025-11-11 17:40:00,0.0,1.76,5.55
2025-11-11 17:50:00,0.0,1.75,5.55
2025-11-11 18:00:00,0.0,1.75,5.53
2025-11-11 18:10:00,0.0,1.74,5.38
2025-11-11 18:20:00,0.0,1.73,5.6
2025-11-11 18:30:00,0.0,1.72,5.27
2025-11-11 18:40:00,0.0,1.72,5.39
2025-11-11 18:50:00,0.0,1.71,5.26
2025-11-11 19:00:00,0.0,1.71,5.47
2025-11-11 19:10:00,0.0,1.71,5.4
2025-11-11 19:20:00,0.0,1.7,5.5
2025-11-11 19:30:00,0.0,1.7,5.32
2025-11-11 19:40:00,0.0,1.69,5.49
2025-11-11 19:50:00,0.0,1.69,5.47
2025-11-11 20:00:00,0.0,1.69,5.3
2025-11-11 20:10:00,0.0,1.68,5.17
2025-11-11 20:20:00,0.0,1.68,5.46
2025-11-11 20:30:00,0.0,1.67,5.41
2025-11-11 20:40:00,0.0,1.67,5.47
2025-11-11 20:50:00,0.0,1.66,5.34
2025-11-11 21:00:00,0.0,1.66,5.39
2025-11-11 21:10:00,0.0,1.65,5.16
2025-11-11 21:20:00,0.0,1.65,5.17
2025-11-11 21:30:00,2.28,1.65,5.46
2025-11-11 21:40:00,4.56,1.67,5.48
2025-11-11 21:50:00,6.83,1.72,5.46
2025-11-11 22:00:00,9.1,1.78,5.46
2025-11-11 22:10:00,11.37,1.86,5.67
2025-11-11 22:20:00,13.62,1.97,5.59
2025-11-11 22:30:00,15.86,2.09,6.1
2025-11-11 22:40:00,18.09,2.22,6.63
2025-11-11 22:50:00,20.3,2.37,7.21
2025-11-11 23:00:00,22.5,2.53,7.91
2025-11-11 23:10:00,24.67,2.71,8.73
2025-11-11 23:20:00,26.83,2.9,10.39
2025-11-11 23:30:00,28.96,3.1,11.53
2025-11-11 23:40:00,31.07,3.32,13.64
2025-11-11 23:50:00,33.16,3.54,15.68
2025-11-12 00:00:00,35.22,3.77,18.36
2025-11-12 00:10:00,37.24,4.02,21.26
2025-11-12 00:20:00,39.24,4.27,24.14
2025-11-12 00:30:00,41.2,4.53,28.2
2025-11-12 00:40:00,43.13,4.79,32.15
2025-11-12 00:50:00,45.03,5.07,37.02
2025-11-12 01:00:00,46.89,5.35,42.15
2025-11-12 01:10:00,48.7,5.62,47.98
2025-11-12 01:20:00,50.48,5.91,53.66
2025-11-12 01:30:00,52.22,6.2,60.32
2025-11-12 01:40:00,53.91,6.5,67.57
2025-11-12 01:50:00,55.56,6.79,75.38
2025-11-12 02:00:00,57.16,7.09,83.34
2025-11-12 02:10:00,58.71,7.39,92.16
2025-11-12 02:20:00,60.22,7.68,100.59
2025-11-12 02:30:00,61.67,7.98,110.1
2025-11-12 02:40:00,63.07,8.28,119.85
2025-11-12 02:50:00,64.43,8.57,130.22
2025-11-12 03:00:00,65.72,8.87,141.16
2025-11-12 03:10:00,66.97,9.16,152.17
2025-11-12 03:20:00,68.15,9.45,163.64
2025-11-12 03:30:00,69.29,9.75,175.06
2025-11-12 03:40:00,70.36,10.04,187.17
2025-11-12 03:50:00,71.37,10.31,199.22
2025-11-12 04:00:00,72.33,10.59,211.62
2025-11-12 04:10:00,73.22,10.86,224.65
2025-11-12 04:20:00,74.06,11.13,237.38
2025-11-12 04:30:00,74.83,11.39,250.13
2025-11-12 04:40:00,75.54,11.65,262.91
2025-11-12 04:50:00,76.19,11.9,275.96
2025-11-12 05:00:00,76.78,12.14,288.51
2025-11-12 05:10:00,77.3,12.39,301.44
2025-11-12 05:20:00,77.76,12.62,314.5
2025-11-12 05:30:00,78.15,12.85,327.31
2025-11-12 05:40:00,78.48,13.07,339.77
2025-11-12 05:50:00,78.74,13.28,352.26
2025-11-12 06:00:00,78.93,13.48,364.14
2025-11-12 06:10:00,79.07,13.67,375.61
2025-11-12 06:20:00,79.13,13.86,386.95
2025-11-12 06:30:00,79.13,14.03,397.77
2025-11-12 06:40:00,79.07,14.2,408.09
2025-11-12 06:50:00,78.93,14.36,418.54
2025-11-12 07:00:00,78.74,14.51,428.54
2025-11-12 07:10:00,78.48,14.65,437.27
2025-11-12 07:20:00,78.15,14.78,446.13
2025-11-12 07:30:00,77.76,14.9,454.17
2025-11-12 07:40:00,77.3,15.01,461.67
2025-11-12 07:50:00,76.78,15.11,468.87
2025-11-12 08:00:00,76.19,15.21,475.04
2025-11-12 08:10:00,75.54,15.29,480.94
2025-11-12 08:20:00,74.83,15.36,485.67
2025-11-12 08:30:00,74.06,15.42,489.57
2025-11-12 08:40:00,73.22,15.47,493.22
2025-11-12 08:50:00,72.33,15.51,496.27
2025-11-12 09:00:00,71.37,15.54,498.03
2025-11-12 09:10:00,70.36,15.55,498.81
2025-11-12 09:20:00,69.29,15.56,499.35
2025-11-12 09:30:00,68.15,15.56,499.21
2025-11-12 09:40:00,66.97,15.54,498.11
2025-11-12 09:50:00,65.72,15.51,496.1
2025-11-12 10:00:00,64.43,15.47,493.22
2025-11-12 10:10:00,63.07,15.42,489.77
2025-11-12 10:20:00,61.67,15.36,485.06
2025-11-12 10:30:00,60.22,15.29,480.41
2025-11-12 10:40:00,58.71,15.21,475.17
2025-11-12 10:50:00,57.16,15.11,468.38
2025-11-12 11:00:00,55.56,15.01,461.4
2025-11-12 11:10:00,53.91,14.9,454.26
2025-11-12 11:20:00,52.22,14.77,445.89
2025-11-12 11:30:00,50.48,14.64,436.67
2025-11-12 11:40:00,48.7,14.49,427.42
2025-11-12 11:50:00,46.89,14.33,417.04
2025-11-12 12:00:00,45.03,14.16,406.09
2025-11-12 12:10:00,43.13,13.99,395.34
2025-11-12 12:20:00,41.2,13.8,383.42
2025-11-12 12:30:00,39.24,13.59,371.03
2025-11-12 12:40:00,37.24,13.38,358.19
2025-11-12 12:50:00,35.22,13.16,345.16
2025-11-12 13:00:00,33.16,12.94,332.38
2025-11-12 13:10:00,31.07,12.7,318.74
2025-11-12 13:20:00,28.96,12.45,305.07
2025-11-12 13:30:00,26.83,12.2,291.59
2025-11-12 13:40:00,24.67,11.94,277.87
2025-11-12 13:50:00,22.5,11.67,263.49
2025-11-12 14:00:00,20.3,11.39,249.97
2025-11-12 14:10:00,18.09,11.1,235.8
2025-11-12 14:20:00,15.86,10.81,222.28
2025-11-12 14:30:00,13.62,10.51,208.1
2025-11-12 14:40:00,11.37,10.2,194.72
2025-11-12 14:50:00,9.1,9.88,180.82
2025-11-12 15:00:00,6.83,9.55,167.56
2025-11-12 15:10:00,4.56,9.23,154.33
2025-11-12 15:20:00,2.28,8.89,141.84
2025-11-12 15:30:00,0.0,8.55,129.28
2025-11-12 15:40:00,0.0,8.19,117.2
2025-11-12 15:50:00,0.0,7.86,106.45
2025-11-12 16:00:00,0.0,7.55,96.86
2025-11-12 16:10:00,0.0,7.26,88.07
2025-11-12 16:20:00,0.0,6.98,80.31
2025-11-12 16:30:00,0.0,6.71,72.99
2025-11-12 16:40:00,0.0,6.45,66.66
2025-11-12 16:50:00,0.0,6.21,60.39
2025-11-12 17:00:00,0.0,5.97,55.04
2025-11-12 17:10:00,0.0,5.75,50.25
2025-11-12 17:20:00,0.0,5.54,45.86
2025-11-12 17:30:00,0.0,5.35,42.27
2025-11-12 17:40:00,0.0,5.16,39.06
2025-11-12 17:50:00,0.0,4.99,35.5
2025-11-12 18:00:00,0.0,4.82,32.65
2025-11-12 18:10:00,0.0,4.66,30.45
2025-11-12 18:20:00,0.0,4.51,28.06
2025-11-12 18:30:00,0.0,4.36,25.71
2025-11-12 18:40:00,0.0,4.23,24.0
2025-11-12 18:50:00,0.0,4.1,22.03
2025-11-12 19:00:00,0.0,3.97,20.77
2025-11-12 19:10:00,0.0,3.85,19.16
2025-11-12 19:20:00,0.0,3.74,17.67
2025-11-12 19:30:00,0.0,3.63,16.53
2025-11-12 19:40:00,0.0,3.53,15.46
2025-11-12 19:50:00,0.0,3.44,14.7
2025-11-12 20:00:00,0.0,3.34,13.73
2025-11-12 20:10:00,0.0,3.25,13.17
2025-11-12 20:20:00,0.0,3.17,11.97
2025-11-12 20:30:00,0.0,3.09,11.7
2025-11-12 20:40:00,0.0,3.01,10.84
2025-11-12 20:50:00,0.0,2.94,10.45
2025-11-12 21:00:00,0.0,2.88,10.04
2025-11-12 21:10:00,0.0,2.81,9.62
2025-11-12 21:20:00,0.0,2.75,9.39
2025-11-12 21:30:00,0.0,2.7,8.8
2025-11-12 21:40:00,0.0,2.64,8.4
2025-11-12 21:50:00,0.0,2.59,8.24
2025-11-12 22:00:00,0.0,2.54,8.18
2025-11-12 22:10:00,0.0,2.49,7.91
2025-11-12 22:20:00,0.0,2.45,7.39
2025-11-12 22:30:00,0.0,2.41,7.43
2025-11-12 22:40:00,0.0,2.36,7.07
2025-11-12 22:50:00,0.0,2.33,7.13
2025-11-12 23:00:00,0.0,2.29,6.93
2025-11-12 23:10:00,0.0,2.25,6.45
2025-11-12 23:20:00,0.0,2.22,6.66
2025-11-12 23:30:00,0.0,2.19,6.58
2025-11-12 23:40:00,0.0,2.16,6.52
2025-11-12 23:50:00,0.0,2.13,6.1
2025-11-13 00:00:00,0.0,2.1,6.17
2025-11-13 00:10:00,0.0,2.08,6.05
2025-11-13 00:20:00,0.0,2.05,6.22
2025-11-13 00:30:00,0.0,2.03,5.93
2025-11-13 00:40:00,0.0,2.01,6.0
2025-11-13 00:50:00,0.0,1.99,5.66
2025-11-13 01:00:00,0.0,1.98,5.66
2025-11-13 01:10:00,0.0,1.95,5.63
2025-11-13 01:20:00,0.0,1.94,5.58
2025-11-13 01:30:00,0.0,1.93,5.72
2025-11-13 01:40:00,0.0,1.92,5.83
2025-11-13 01:50:00,0.0,1.89,5.66
2025-11-13 02:00:00,0.0,1.88,5.79
2025-11-13 02:10:00,0.0,1.87,5.43
2025-11-13 02:20:00,0.0,1.85,5.5
2025-11-13 02:30:00,0.0,1.84,5.77
2025-11-13 02:40:00,0.0,1.82,5.73
2025-11-13 02:50:00,0.0,1.81,5.66
2025-11-13 03:00:00,0.0,1.8,5.35
2025-11-13 03:10:00,0.0,1.79,5.22
2025-11-13 03:20:00,0.0,1.78,5.44
2025-11-13 03:30:00,0.0,1.77,5.35
2025-11-13 03:40:00,0.0,1.77,5.38
2025-11-13 03:50:00,0.0,1.76,5.44
2025-11-13 04:00:00,0.0,1.75,5.38
2025-11-13 04:10:00,0.0,1.75,5.59
2025-11-13 04:20:00,0.0,1.75,5.36
2025-11-13 04:30:00,0.0,1.74,5.44
2025-11-13 04:40:00,0.0,1.74,5.47
2025-11-13 04:50:00,0.0,1.73,5.15
2025-11-13 05:00:00,0.0,1.73,5.34
2025-11-13 05:10:00,0.0,1.72,5.34
2025-11-13 05:20:00,0.0,1.71,5.4
2025-11-13 05:30:00,0.0,1.7,5.11
2025-11-13 05:40:00,0.0,1.7,5.48
2025-11-13 05:50:00,0.0,1.7,5.35
2025-11-13 06:00:00,0.0,1.69,5.22
2025-11-13 06:10:00,0.0,1.68,5.22
2025-11-13 06:20:00,0.0,1.68,5.47
2025-11-13 06:30:00,0.0,1.68,5.56
2025-11-13 06:40:00,0.0,1.68,5.12
2025-11-13 06:50:00,0.0,1.68,5.16
2025-11-13 07:00:00,0.0,1.68,5.11
2025-11-13 07:10:00,0.0,1.67,5.42
2025-11-13 07:20:00,0.0,1.66,5.27
2025-11-13 07:30:00,0.0,1.66,5.35
2025-11-13 07:40:00,0.0,1.66,5.47
2025-11-13 07:50:00,0.0,1.66,5.5
2025-11-13 08:00:00,0.0,1.66,5.38
2025-11-13 08:10:00,0.0,1.65,5.5
2025-11-13 08:20:00,0.0,1.65,5.34
2025-11-13 08:30:00,0.0,1.64,5.35
2025-11-13 08:40:00,0.0,1.64,5.54
2025-11-13 08:50:00,0.0,1.63,5.19
2025-11-13 09:00:00,0.0,1.63,5.18
2025-11-13 09:10:00,0.0,1.62,5.07
2025-11-13 09:20:00,0.0,1.63,5.31
2025-11-13 09:30:00,0.0,1.63,5.51
2025-11-13 09:40:00,0.0,1.62,5.16
2025-11-13 09:50:00,0.0,1.62,5.34
2025-11-13 10:00:00,0.0,1.62,5.4
2025-11-13 10:10:00,0.0,1.62,5.51
2025-11-13 10:20:00,0.0,1.62,5.41
2025-11-13 10:30:00,0.0,1.62,5.19
2025-11-13 10:40:00,0.0,1.62,5.23
2025-11-13 10:50:00,0.0,1.62,5.24
2025-11-13 11:00:00,0.0,1.62,5.12
2025-11-13 11:10:00,0.0,1.62,5.32
2025-11-13 11:20:00,0.0,1.62,5.05
2025-11-13 11:30:00,0.0,1.62,5.35
2025-11-13 11:40:00,0.0,1.62,5.42
2025-11-13 11:50:00,0.0,1.62,5.47
2025-11-13 12:00:00,0.0,1.62,5.52
2025-11-13 12:10:00,0.0,1.62,5.37
2025-11-13 12:20:00,0.0,1.61,5.29
2025-11-13 12:30:00,0.0,1.62,5.28
2025-11-13 12:40:00,0.0,1.62,5.35
2025-11-13 12:50:00,0.0,1.62,5.16
2025-11-13 13:00:00,0.0,1.62,5.37
2025-11-13 13:10:00,0.0,1.62,5.36
2025-11-13 13:20:00,0.0,1.62,5.25
2025-11-13 13:30:00,0.0,1.63,5.14
2025-11-13 13:40:00,0.0,1.63,5.07
2025-11-13 13:50:00,0.0,1.62,5.43
2025-11-13 14:00:00,0.0,1.62,5.29
2025-11-13 14:10:00,0.0,1.62,5.17
2025-11-13 14:20:00,0.0,1.62,5.44
2025-11-13 14:30:00,0.0,1.62,5.53
2025-11-13 14:40:00,0.0,1.62,5.27
2025-11-13 14:50:00,0.0,1.62,5.53
2025-11-13 15:00:00,0.0,1.62,5.33
2025-11-13 15:10:00,0.0,1.62,5.41
2025-11-13 15:20:00,0.0,1.62,5.38
2025-11-13 15:30:00,0.0,1.62,5.06
2025-11-13 15:40:00,0.0,1.62,5.53
2025-11-13 15:50:00,0.0,1.62,5.52
2025-11-13 16:00:00,0.0,1.62,5.53
2025-11-13 16:10:00,0.0,1.63,5.23
2025-11-13 16:20:00,0.0,1.62,5.08
2025-11-13 16:30:00,0.0,1.62,5.16
2025-11-13 16:40:00,0.0,1.62,5.34
2025-11-13 16:50:00,0.0,1.62,5.05
2025-11-13 17:00:00,0.0,1.62,5.04
2025-11-13 17:10:00,0.0,1.62,5.2
2025-11-13 17:20:00,0.0,1.62,5.53
2025-11-13 17:30:00,0.0,1.62,5.31
2025-11-13 17:40:00,0.0,1.62,5.53
2025-11-13 17:50:00,0.0,1.62,5.31
2025-11-13 18:00:00,0.0,1.63,5.52
2025-11-13 18:10:00,0.0,1.63,5.27
2025-11-13 18:20:00,0.0,1.63,5.24
2025-11-13 18:30:00,0.0,1.63,5.17
2025-11-13 18:40:00,0.0,1.63,5.16
2025-11-13 18:50:00,0.0,1.63,5.35
2025-11-13 19:00:00,0.0,1.62,5.17
2025-11-13 19:10:00,0.0,1.63,5.54
2025-11-13 19:20:00,0.0,1.62,5.33
2025-11-13 19:30:00,0.0,1.63,5.16
2025-11-13 19:40:00,0.0,1.62,5.29
2025-11-13 19:50:00,0.0,1.62,5.22
2025-11-13 20:00:00,0.0,1.62,5.22
2025-11-13 20:10:00,0.0,1.62,5.07
2025-11-13 20:20:00,0.0,1.61,5.51
2025-11-13 20:30:00,0.0,1.61,5.26
2025-11-13 20:40:00,0.0,1.61,5.36
2025-11-13 20:50:00,0.0,1.61,5.41
2025-11-13 21:00:00,0.0,1.61,5.51
2025-11-13 21:10:00,0.0,1.61,5.18
2025-11-13 21:20:00,0.0,1.61,5.25
2025-11-13 21:30:00,0.0,1.62,5.38
2025-11-13 21:40:00,0.0,1.62,5.1
2025-11-13 21:50:00,0.0,1.62,5.2
2025-11-13 22:00:00,0.0,1.62,5.21
2025-11-13 22:10:00,0.0,1.61,5.47
2025-11-13 22:20:00,0.0,1.62,5.36
2025-11-13 22:30:00,0.0,1.62,5.17
2025-11-13 22:40:00,0.0,1.62,5.46
2025-11-13 22:50:00,0.0,1.62,5.48
2025-11-13 23:00:00,0.0,1.62,5.37
2025-11-13 23:10:00,0.0,1.62,5.44
2025-11-13 23:20:00,0.0,1.61,5.18
2025-11-13 23:30:00,0.0,1.61,5.27
2025-11-13 23:40:00,0.0,1.61,5.11
2025-11-13 23:50:00,0.0,1.61,5.31
2025-11-14 00:00:00,0.0,1.61,5.11
2025-11-14 00:10:00,0.0,1.6,5.33
2025-11-14 00:20:00,0.0,1.61,5.53
2025-11-14 00:30:00,0.0,1.61,5.19
2025-11-14 00:40:00,0.0,1.61,5.48
2025-11-14 00:50:00,0.0,1.6,5.24
2025-11-14 01:00:00,0.0,1.61,5.22
2025-11-14 01:10:00,0.0,1.61,5.41
2025-11-14 01:20:00,0.0,1.61,5.14
2025-11-14 01:30:00,0.0,1.61,5.41
2025-11-14 01:40:00,0.0,1.61,5.46
2025-11-14 01:50:00,0.0,1.62,5.49
2025-11-14 02:00:00,0.0,1.61,5.1
2025-11-14 02:10:00,0.0,1.61,5.37
2025-11-14 02:20:00,0.0,1.61,5.19
2025-11-14 02:30:00,0.0,1.61,5.17
2025-11-14 02:40:00,0.0,1.61,5.36
2025-11-14 02:50:00,0.0,1.61,5.28
2025-11-14 03:00:00,0.0,1.61,5.17
2025-11-14 03:10:00,0.0,1.61,5.12
2025-11-14 03:20:00,0.0,1.61,5.44
2025-11-14 03:30:00,0.0,1.61,5.11
2025-11-14 03:40:00,0.0,1.61,5.07
2025-11-14 03:50:00,0.0,1.61,5.15
2025-11-14 04:00:00,0.0,1.62,5.28
2025-11-14 04:10:00,0.0,1.61,5.49
2025-11-14 04:20:00,0.0,1.61,5.26
2025-11-14 04:30:00,0.0,1.61,5.24
2025-11-14 04:40:00,0.0,1.61,5.05
2025-11-14 04:50:00,0.0,1.61,5.35
2025-11-14 05:00:00,0.0,1.61,5.21
2025-11-14 05:10:00,0.0,1.61,5.48
2025-11-14 05:20:00,0.0,1.61,5.16
2025-11-14 05:30:00,0.0,1.61,5.49
2025-11-14 05:40:00,0.0,1.61,5.32
2025-11-14 05:50:00,0.0,1.61,5.11
2025-11-14 06:00:00,0.0,1.62,5.11
2025-11-14 06:10:00,0.0,1.61,5.06
2025-11-14 06:20:00,0.0,1.61,5.44
2025-11-14 06:30:00,0.0,1.61,5.44
2025-11-14 06:40:00,0.0,1.6,5.04
2025-11-14 06:50:00,0.0,1.6,5.42
2025-11-14 07:00:00,0.0,1.6,5.43
2025-11-14 07:10:00,0.0,1.6,5.24
2025-11-14 07:20:00,0.0,1.61,5.35
2025-11-14 07:30:00,0.0,1.61,5.41
2025-11-14 07:40:00,0.0,1.6,5.39
2025-11-14 07:50:00,0.0,1.6,5.08
2025-11-14 08:00:00,0.0,1.6,5.24
2025-11-14 08:10:00,0.0,1.61,5.18
2025-11-14 08:20:00,0.0,1.6,5.27
2025-11-14 08:30:00,0.0,1.6,5.12
2025-11-14 08:40:00,0.0,1.61,5.12
2025-11-14 08:50:00,0.0,1.6,5.1
2025-11-14 09:00:00,0.0,1.61,5.3
2025-11-14 09:10:00,0.0,1.6,5.06
2025-11-14 09:20:00,0.0,1.6,5.24
2025-11-14 09:30:00,0.0,1.6,5.12
2025-11-14 09:40:00,0.0,1.6,5.4
2025-11-14 09:50:00,0.0,1.6,5.16
2025-11-14 10:00:00,0.0,1.6,5.24
2025-11-14 10:10:00,0.0,1.6,5.33
2025-11-14 10:20:00,0.0,1.61,5.08
2025-11-14 10:30:00,0.0,1.6,5.37
2025-11-14 10:40:00,0.0,1.6,5.05
2025-11-14 10:50:00,0.0,1.6,5.22
2025-11-14 11:00:00,0.0,1.6,5.28
2025-11-14 11:10:00,0.0,1.6,5.37
2025-11-14 11:20:00,0.0,1.6,5.32
2025-11-14 11:30:00,0.0,1.6,5.43
2025-11-14 11:40:00,0.0,1.6,5.41
2025-11-14 11:50:00,0.0,1.6,5.42
2025-11-14 12:00:00,0.0,1.6,5.16
2025-11-14 12:10:00,0.0,1.6,5.4
2025-11-14 12:20:00,0.0,1.6,5.4
2025-11-14 12:30:00,0.0,1.6,5.15
2025-11-14 12:40:00,0.0,1.6,5.05
2025-11-14 12:50:00,0.0,1.6,5.15
2025-11-14 13:00:00,0.0,1.6,5.52
2025-11-14 13:10:00,0.0,1.6,5.37
2025-11-14 13:20:00,0.0,1.6,5.48
2025-11-14 13:30:00,0.0,1.6,5.51
2025-11-14 13:40:00,0.0,1.6,5.27
2025-11-14 13:50:00,0.0,1.6,5.25
2025-11-14 14:00:00,0.0,1.6,5.25
2025-11-14 14:10:00,0.0,1.61,5.37
2025-11-14 14:20:00,0.0,1.61,5.04
2025-11-14 14:30:00,0.0,1.61,5.19
2025-11-14 14:40:00,0.0,1.6,5.42
2025-11-14 14:50:00,0.0,1.6,5.21
2025-11-14 15:00:00,0.0,1.61,5.06
2025-11-14 15:10:00,0.0,1.6,5.1
2025-11-14 15:20:00,0.0,1.6,5.11
2025-11-14 15:30:00,0.0,1.6,5.43
2025-11-14 15:40:00,0.0,1.61,5.38
2025-11-14 15:50:00,0.0,1.61,5.4
2025-11-14 16:00:00,0.0,1.61,5.4
2025-11-14 16:10:00,0.0,1.61,5.3
2025-11-14 16:20:00,0.0,1.61,5.17
2025-11-14 16:30:00,0.0,1.61,5.46
2025-11-14 16:40:00,0.0,1.61,5.43
2025-11-14 16:50:00,0.0,1.62,5.52
2025-11-14 17:00:00,0.0,1.61,5.36
2025-11-14 17:10:00,0.0,1.62,5.2
2025-11-14 17:20:00,0.0,1.61,5.36
2025-11-14 17:30:00,0.0,1.62,5.22
2025-11-14 17:40:00,0.0,1.61,5.51
2025-11-14 17:50:00,0.0,1.62,5.37
2025-11-14 18:00:00,0.0,1.62,5.49
2025-11-14 18:10:00,0.0,1.62,5.05
2025-11-14 18:20:00,0.0,1.62,5.14
2025-11-14 18:30:00,0.0,1.62,5.08
2025-11-14 18:40:00,0.0,1.62,5.21
2025-11-14 18:50:00,0.0,1.62,5.41
2025-11-14 19:00:00,0.0,1.62,5.41
2025-11-14 19:10:00,0.0,1.62,5.05
2025-11-14 19:20:00,0.0,1.62,5.07
2025-11-14 19:30:00,0.0,1.62,5.13
2025-11-14 19:40:00,0.0,1.62,5.29
2025-11-14 19:50:00,0.0,1.62,5.15
2025-11-14 20:00:00,0.0,1.62,5.1
2025-11-14 20:10:00,0.0,1.62,5.5
2025-11-14 20:20:00,0.0,1.62,5.41
2025-11-14 20:30:00,0.0,1.62,5.08
2025-11-14 20:40:00,0.0,1.62,5.45
2025-11-14 20:50:00,0.0,1.63,5.05
2025-11-14 21:00:00,0.0,1.63,5.33
2025-11-14 21:10:00,0.0,1.63,5.21
